4 2 3 2 2 2 5 2 6 2 2 2 3 2 4 2 1 2 1 2 1 2 1 2 1 2 1 2 1 2 1 2 0 0 0 0 0 0 0 0 0 0 0 0 0 0 0 0 0 0 0 0 0 0 0 0 0 0 0 0 0 0 0 0 0 0 0 0 0 0 0 0 0 0 0 0 0 0 0 0 0 0 0 0 0 0 0 0 0 0 3 1 0 0 0 0 1 1 1 1 1 1 1 1 1 1 1 1 1 1 1 1 4 1 3 1 2 1 5 1 6 1 2 1 0 0 4 1 | -1.2803091919977306e-17
4 2 0 0 2 2 5 2 6 2 2 2 3 2 4 2 1 2 1 2 1 2 1 2 1 2 1 2 1 2 1 2 0 0 0 0 3 2 0 0 0 0 0 0 0 0 0 0 0 0 0 0 0 0 0 0 0 0 0 0 0 0 0 0 0 0 0 0 0 0 0 0 0 0 0 0 0 0 0 0 0 0 0 0 0 0 0 0 0 0 3 1 0 0 0 0 1 1 1 1 1 1 1 1 1 1 1 1 1 1 1 1 4 1 3 1 2 1 5 1 6 1 2 1 0 0 4 1 | 0.0005852489999999889
4 2 0 0 2 2 5 2 6 2 2 2 3 2 4 2 1 2 1 2 1 2 1 2 1 2 1 2 1 2 1 2 0 0 0 0 3 2 0 0 0 0 0 0 0 0 0 0 0 0 0 0 0 0 0 0 0 0 0 0 0 0 0 0 0 0 0 0 0 0 0 0 0 0 0 0 0 0 0 0 0 0 0 0 3 1 0 0 0 0 3 1 0 0 0 0 1 1 1 1 1 1 1 1 1 1 1 1 1 1 1 1 4 1 0 0 2 1 5 1 6 1 2 1 0 0 4 1 | 0.00027244350000000096
4 2 0 0 2 2 5 2 6 2 2 2 0 0 4 2 1 2 1 2 1 2 1 2 1 2 1 2 1 2 1 2 0 0 0 0 3 2 0 0 0 0 3 2 0 0 0 0 0 0 0 0 0 0 0 0 0 0 0 0 0 0 0 0 0 0 0 0 0 0 0 0 0 0 0 0 0 0 0 0 0 0 0 0 3 1 0 0 0 0 3 1 0 0 0 0 1 1 1 1 1 1 1 1 1 1 1 1 1 1 1 1 4 1 0 0 2 1 5 1 6 1 2 1 0 0 4 1 | 0.000585249000000006
4 2 0 0 2 2 5 2 6 2 2 2 0 0 4 2 1 2 1 2 1 2 1 2 1 2 1 2 1 2 1 2 0 0 0 0 3 2 0 0 0 0 3 2 0 0 0 0 0 0 0 0 0 0 0 0 0 0 0 0 0 0 0 0 0 0 0 0 0 0 0 0 0 0 0 0 0 0 0 0 0 0 0 0 3 1 0 0 0 0 3 1 0 0 0 0 1 1 1 1 1 1 1 1 1 1 1 1 1 1 1 1 4 1 0 0 2 1 5 1 6 1 2 1 4 1 0 0 | -0.00012156649999999835
0 0 4 2 2 2 5 2 6 2 2 2 0 0 4 2 1 2 1 2 1 2 1 2 1 2 1 2 1 2 1 2 0 0 0 0 3 2 0 0 0 0 3 2 0 0 0 0 0 0 0 0 0 0 0 0 0 0 0 0 0 0 0 0 0 0 0 0 0 0 0 0 0 0 0 0 0 0 0 0 0 0 0 0 3 1 0 0 0 0 3 1 0 0 0 0 1 1 1 1 1 1 1 1 1 1 1 1 1 1 1 1 4 1 0 0 2 1 5 1 6 1 2 1 4 1 0 0 | 0.0005852490000000102
0 0 4 2 2 2 5 2 6 2 2 2 0 0 4 2 1 2 1 2 1 2 1 2 1 2 1 2 1 2 1 2 0 0 0 0 3 2 0 0 0 0 3 2 0 0 0 0 0 0 0 0 0 0 0 0 0 0 0 0 0 0 0 0 0 0 0 0 0 0 0 0 0 0 0 0 0 0 0 0 0 0 0 0 3 1 0 0 0 0 3 1 0 0 0 0 1 1 1 1 1 1 1 1 1 1 1 1 1 1 1 1 0 0 4 1 2 1 5 1 6 1 2 1 4 1 0 0 | -0.00012156649999999835
0 0 4 2 2 2 5 2 6 2 2 2 4 2 0 0 1 2 1 2 1 2 1 2 1 2 1 2 1 2 1 2 0 0 0 0 3 2 0 0 0 0 3 2 0 0 0 0 0 0 0 0 0 0 0 0 0 0 0 0 0 0 0 0 0 0 0 0 0 0 0 0 0 0 0 0 0 0 0 0 0 0 0 0 3 1 0 0 0 0 3 1 0 0 0 0 1 1 1 1 1 1 1 1 1 1 1 1 1 1 1 1 0 0 4 1 2 1 5 1 6 1 2 1 4 1 0 0 | 0.0005852490000000102
0 0 4 2 2 2 5 2 6 2 2 2 4 2 0 0 1 2 1 2 1 2 1 2 1 2 1 2 1 2 1 2 0 0 0 0 3 2 0 0 0 0 3 2 0 0 0 0 0 0 0 0 0 0 0 0 0 0 0 0 0 0 0 0 1 1 0 0 0 0 0 0 0 0 0 0 0 0 0 0 0 0 0 0 3 1 0 0 0 0 3 1 0 0 0 0 0 0 1 1 1 1 1 1 1 1 1 1 1 1 1 1 0 0 4 1 2 1 5 1 6 1 2 1 4 1 0 0 | -0.00035827641624999447
0 0 4 2 2 2 5 2 6 2 2 2 4 2 0 0 0 0 1 2 1 2 1 2 1 2 1 2 1 2 1 2 0 0 0 0 3 2 0 0 0 0 3 2 0 0 0 0 1 2 0 0 0 0 0 0 0 0 0 0 0 0 0 0 1 1 0 0 0 0 0 0 0 0 0 0 0 0 0 0 0 0 0 0 3 1 0 0 0 0 3 1 0 0 0 0 0 0 1 1 1 1 1 1 1 1 1 1 1 1 1 1 0 0 4 1 2 1 5 1 6 1 2 1 4 1 0 0 | 0.0005852490000000272
0 0 4 2 2 2 5 2 6 2 2 2 4 2 0 0 0 0 1 2 1 2 1 2 1 2 1 2 1 2 1 2 0 0 0 0 3 2 0 0 0 0 3 2 0 0 0 0 1 2 0 0 0 0 0 0 0 0 0 0 0 0 0 0 1 1 0 0 0 0 0 0 0 0 0 0 0 0 1 1 0 0 0 0 3 1 0 0 0 0 3 1 0 0 0 0 0 0 1 1 1 1 1 1 1 1 1 1 1 1 0 0 0 0 4 1 2 1 5 1 6 1 2 1 4 1 0 0 | -0.0003582764162499774
0 0 4 2 2 2 5 2 6 2 2 2 4 2 0 0 0 0 1 2 1 2 1 2 1 2 1 2 1 2 0 0 0 0 0 0 3 2 0 0 0 0 3 2 0 0 0 0 1 2 0 0 0 0 0 0 0 0 0 0 0 0 1 2 1 1 0 0 0 0 0 0 0 0 0 0 0 0 1 1 0 0 0 0 3 1 0 0 0 0 3 1 0 0 0 0 0 0 1 1 1 1 1 1 1 1 1 1 1 1 0 0 0 0 4 1 2 1 5 1 6 1 2 1 4 1 0 0 | 0.0005852490000000102
0 0 4 2 2 2 5 2 6 2 2 2 4 2 0 0 0 0 1 2 1 2 1 2 1 2 1 2 1 2 0 0 0 0 0 0 3 2 0 0 0 0 3 2 0 0 0 0 1 2 0 0 0 0 0 0 0 0 0 0 0 0 1 2 1 1 0 0 0 0 0 0 0 0 0 0 0 0 1 1 0 0 0 0 3 1 1 1 0 0 3 1 0 0 0 0 0 0 1 1 1 1 0 0 1 1 1 1 1 1 0 0 0 0 4 1 2 1 5 1 6 1 2 1 4 1 0 0 | -0.0004651990781249982
0 0 4 2 2 2 5 2 6 2 2 2 4 2 0 0 0 0 1 2 1 2 0 0 1 2 1 2 1 2 0 0 0 0 0 0 3 2 1 2 0 0 3 2 0 0 0 0 1 2 0 0 0 0 0 0 0 0 0 0 0 0 1 2 1 1 0 0 0 0 0 0 0 0 0 0 0 0 1 1 0 0 0 0 3 1 1 1 0 0 3 1 0 0 0 0 0 0 1 1 1 1 0 0 1 1 1 1 1 1 0 0 0 0 4 1 2 1 5 1 6 1 2 1 4 1 0 0 | 0.0008692245000000654
0 0 4 2 2 2 5 2 6 2 2 2 4 2 0 0 0 0 1 2 1 2 0 0 1 2 1 2 1 2 0 0 0 0 0 0 3 2 1 2 0 0 3 2 0 0 0 0 1 2 0 0 0 0 0 0 0 0 0 0 0 0 1 2 1 1 0 0 0 0 0 0 0 0 0 0 0 0 1 1 0 0 0 0 3 1 1 1 0 0 3 1 0 0 0 0 0 0 1 1 1 1 5 1 1 1 1 1 1 1 0 0 0 0 4 1 2 1 0 0 6 1 2 1 4 1 0 0 | 1.729799999993408e-05
0 0 4 2 2 2 0 0 6 2 2 2 4 2 0 0 0 0 1 2 1 2 5 2 1 2 1 2 1 2 0 0 0 0 0 0 3 2 1 2 0 0 3 2 0 0 0 0 1 2 0 0 0 0 0 0 0 0 0 0 0 0 1 2 1 1 0 0 0 0 0 0 0 0 0 0 0 0 1 1 0 0 0 0 3 1 1 1 0 0 3 1 0 0 0 0 0 0 1 1 1 1 5 1 1 1 1 1 1 1 0 0 0 0 4 1 2 1 0 0 6 1 2 1 4 1 0 0 | 0.0008865225000000079
0 0 4 2 2 2 0 0 6 2 2 2 4 2 0 0 0 0 1 2 1 2 5 2 1 2 1 2 1 2 0 0 0 0 0 0 3 2 1 2 0 0 3 2 0 0 0 0 1 2 0 0 0 0 0 0 0 0 0 0 0 0 1 2 1 1 0 0 0 0 0 0 0 0 5 1 0 0 1 1 0 0 0 0 3 1 1 1 0 0 3 1 0 0 0 0 0 0 1 1 1 1 0 0 1 1 1 1 1 1 0 0 0 0 4 1 2 1 0 0 6 1 2 1 4 1 0 0 | -2.5606183839954612e-17
0 0 4 2 2 2 0 0 6 2 2 2 4 2 0 0 0 0 1 2 1 2 5 2 1 2 1 2 1 2 3 2 0 0 0 0 3 2 1 2 0 0 0 0 0 0 0 0 1 2 0 0 0 0 0 0 0 0 0 0 0 0 1 2 1 1 0 0 0 0 0 0 0 0 5 1 0 0 1 1 0 0 0 0 3 1 1 1 0 0 3 1 0 0 0 0 0 0 1 1 1 1 0 0 1 1 1 1 1 1 0 0 0 0 4 1 2 1 0 0 6 1 2 1 4 1 0 0 | 0.006564671465625047
0 0 4 2 2 2 0 0 6 2 2 2 4 2 0 0 0 0 1 2 1 2 5 2 1 2 1 2 1 2 3 2 0 0 0 0 3 2 1 2 0 0 0 0 0 0 0 0 1 2 0 0 0 0 0 0 0 0 0 0 0 0 1 2 1 1 0 0 0 0 0 0 5 1 0 0 0 0 1 1 0 0 0 0 3 1 1 1 0 0 3 1 0 0 0 0 0 0 1 1 1 1 0 0 1 1 1 1 1 1 0 0 0 0 4 1 2 1 0 0 6 1 2 1 4 1 0 0 | 0.0017442149999999806
0 0 4 2 2 2 0 0 6 2 2 2 4 2 0 0 0 0 1 2 1 2 5 2 1 2 1 2 1 2 3 2 0 0 0 0 3 2 0 0 0 0 0 0 0 0 0 0 1 2 0 0 0 0 1 2 0 0 0 0 0 0 1 2 1 1 0 0 0 0 0 0 5 1 0 0 0 0 1 1 0 0 0 0 3 1 1 1 0 0 3 1 0 0 0 0 0 0 1 1 1 1 0 0 1 1 1 1 1 1 0 0 0 0 4 1 2 1 0 0 6 1 2 1 4 1 0 0 | 0.011030500712500018
0 0 4 2 2 2 0 0 6 2 2 2 4 2 0 0 0 0 1 2 1 2 5 2 1 2 1 2 1 2 5 1 0 0 0 0 3 2 0 0 0 0 0 0 0 0 0 0 1 2 0 0 0 0 1 2 0 0 0 0 0 0 1 2 1 1 0 0 0 0 0 0 0 0 0 0 0 0 1 1 0 0 0 0 3 1 1 1 0 0 3 1 0 0 0 0 0 0 1 1 1 1 0 0 1 1 1 1 1 1 0 0 0 0 4 1 2 1 0 0 6 1 2 1 4 1 0 0 | 0.011030500712500018
0 0 4 2 2 2 0 0 6 2 2 2 4 2 0 0 0 0 1 2 1 2 0 0 1 2 1 2 1 2 5 1 0 0 0 0 3 2 0 0 5 2 0 0 0 0 0 0 1 2 0 0 0 0 1 2 0 0 0 0 0 0 1 2 1 1 0 0 0 0 0 0 0 0 0 0 0 0 1 1 0 0 0 0 3 1 1 1 0 0 3 1 0 0 0 0 0 0 1 1 1 1 0 0 1 1 1 1 1 1 0 0 0 0 4 1 2 1 0 0 6 1 2 1 4 1 0 0 | 0.030306672421874993
0 0 4 2 2 2 0 0 6 2 2 2 5 1 0 0 0 0 1 2 1 2 0 0 1 2 1 2 1 2 0 0 0 0 0 0 3 2 0 0 5 2 0 0 0 0 0 0 1 2 0 0 0 0 1 2 0 0 0 0 0 0 1 2 1 1 0 0 0 0 0 0 0 0 0 0 0 0 1 1 0 0 0 0 3 1 1 1 0 0 3 1 0 0 0 0 0 0 1 1 1 1 0 0 1 1 1 1 1 1 0 0 0 0 4 1 2 1 0 0 6 1 2 1 4 1 0 0 | 0.030306672421874993
0 0 4 2 0 0 0 0 6 2 2 2 5 1 0 0 0 0 1 2 1 2 2 2 1 2 1 2 1 2 0 0 0 0 0 0 3 2 0 0 5 2 0 0 0 0 0 0 1 2 0 0 0 0 1 2 0 0 0 0 0 0 1 2 1 1 0 0 0 0 0 0 0 0 0 0 0 0 1 1 0 0 0 0 3 1 1 1 0 0 3 1 0 0 0 0 0 0 1 1 1 1 0 0 1 1 1 1 1 1 0 0 0 0 4 1 2 1 0 0 6 1 2 1 4 1 0 0 | 0.04862374413749998
0 0 4 2 0 0 0 0 6 2 2 2 5 1 0 0 0 0 1 2 1 2 2 2 1 2 1 2 1 2 0 0 0 0 0 0 3 2 0 0 5 2 0 0 0 0 0 0 1 2 0 0 0 0 1 2 0 0 0 0 0 0 1 2 1 1 0 0 0 0 0 0 0 0 2 1 0 0 1 1 0 0 0 0 3 1 1 1 0 0 3 1 0 0 0 0 0 0 1 1 1 1 0 0 1 1 1 1 1 1 0 0 0 0 4 1 0 0 0 0 6 1 2 1 4 1 0 0 | 0.030604947421874994
0 0 0 0 0 0 4 2 6 2 2 2 5 1 0 0 0 0 1 2 1 2 2 2 1 2 1 2 1 2 0 0 0 0 0 0 3 2 0 0 5 2 0 0 0 0 0 0 1 2 0 0 0 0 1 2 0 0 0 0 0 0 1 2 1 1 0 0 0 0 0 0 0 0 2 1 0 0 1 1 0 0 0 0 3 1 1 1 0 0 3 1 0 0 0 0 0 0 1 1 1 1 0 0 1 1 1 1 1 1 0 0 0 0 4 1 0 0 0 0 6 1 2 1 4 1 0 0 | 0.048564938137499965
0 0 0 0 0 0 4 2 6 2 2 2 5 1 0 0 0 0 1 2 2 1 2 2 1 2 1 2 1 2 0 0 0 0 0 0 3 2 0 0 5 2 0 0 0 0 0 0 1 2 0 0 0 0 1 2 0 0 0 0 0 0 1 2 1 1 0 0 0 0 0 0 0 0 0 0 0 0 1 1 0 0 0 0 3 1 1 1 0 0 3 1 0 0 0 0 0 0 1 1 1 1 0 0 1 1 1 1 1 1 0 0 0 0 4 1 0 0 0 0 6 1 2 1 4 1 0 0 | 0.03376385899812498
0 0 0 0 4 2 0 0 6 2 2 2 5 1 0 0 0 0 1 2 2 1 2 2 1 2 1 2 1 2 0 0 0 0 0 0 3 2 0 0 5 2 0 0 0 0 0 0 1 2 0 0 0 0 1 2 0 0 0 0 0 0 1 2 1 1 0 0 0 0 0 0 0 0 0 0 0 0 1 1 0 0 0 0 3 1 1 1 0 0 3 1 0 0 0 0 0 0 1 1 1 1 0 0 1 1 1 1 1 1 0 0 0 0 4 1 0 0 0 0 6 1 2 1 4 1 0 0 | 0.05315712117406246
0 0 0 0 4 2 0 0 6 2 2 2 5 1 0 0 0 0 1 2 0 0 2 2 1 2 1 2 1 2 0 0 0 0 0 0 3 2 0 0 5 2 0 0 0 0 0 0 1 2 0 0 0 0 1 2 0 0 0 0 0 0 1 2 1 1 0 0 0 0 0 0 0 0 2 1 0 0 1 1 0 0 0 0 3 1 1 1 0 0 3 1 0 0 0 0 0 0 1 1 1 1 0 0 1 1 1 1 1 1 0 0 0 0 4 1 0 0 0 0 6 1 2 1 4 1 0 0 | 0.03481787949812498
0 0 0 0 0 0 4 2 6 2 2 2 5 1 0 0 0 0 1 2 0 0 2 2 1 2 1 2 1 2 0 0 0 0 0 0 3 2 0 0 5 2 0 0 0 0 0 0 1 2 0 0 0 0 1 2 0 0 0 0 0 0 1 2 1 1 0 0 0 0 0 0 0 0 2 1 0 0 1 1 0 0 0 0 3 1 1 1 0 0 3 1 0 0 0 0 0 0 1 1 1 1 0 0 1 1 1 1 1 1 0 0 0 0 4 1 0 0 0 0 6 1 2 1 4 1 0 0 | 0.05327436767406247
0 0 0 0 0 0 4 2 6 2 2 2 5 1 0 0 0 0 1 2 0 0 2 2 1 2 1 2 1 2 0 0 0 0 0 0 3 2 0 0 5 2 0 0 0 0 0 0 1 2 0 0 0 0 1 2 0 0 0 0 0 0 1 2 1 1 0 0 0 0 0 0 0 0 2 1 0 0 1 1 0 0 0 0 3 1 1 1 0 0 3 1 0 0 0 0 0 0 1 1 1 1 0 0 1 1 1 1 1 1 0 0 0 0 0 0 0 0 4 1 6 1 2 1 4 1 0 0 | 0.035286386998124995
0 0 0 0 0 0 4 2 6 2 2 2 5 1 0 0 0 0 0 0 0 0 2 2 1 2 1 2 1 2 0 0 0 0 0 0 3 2 0 0 5 2 0 0 0 0 0 0 1 2 1 2 0 0 1 2 0 0 0 0 0 0 1 2 1 1 0 0 0 0 0 0 0 0 2 1 0 0 1 1 0 0 0 0 3 1 1 1 0 0 3 1 0 0 0 0 0 0 1 1 1 1 0 0 1 1 1 1 1 1 0 0 0 0 0 0 0 0 4 1 6 1 2 1 4 1 0 0 | 0.05397874305031247
0 0 0 0 0 0 4 2 6 2 2 2 5 1 0 0 0 0 0 0 0 0 2 2 1 2 1 2 1 2 0 0 0 0 0 0 3 2 0 0 5 2 0 0 0 0 0 0 1 2 1 1 0 0 1 2 0 0 0 0 0 0 1 2 0 0 0 0 0 0 0 0 0 0 2 1 0 0 1 1 0 0 0 0 3 1 1 1 0 0 3 1 0 0 0 0 0 0 1 1 1 1 0 0 1 1 1 1 1 1 0 0 0 0 0 0 0 0 4 1 6 1 2 1 4 1 0 0 | 0.04000669592625
0 0 0 0 0 0 4 2 6 2 2 2 5 1 0 0 0 0 0 0 0 0 2 2 1 2 1 2 0 0 0 0 0 0 0 0 3 2 0 0 5 2 0 0 0 0 0 0 1 2 1 1 0 0 1 2 0 0 0 0 1 2 1 2 0 0 0 0 0 0 0 0 0 0 2 1 0 0 1 1 0 0 0 0 3 1 1 1 0 0 3 1 0 0 0 0 0 0 1 1 1 1 0 0 1 1 1 1 1 1 0 0 0 0 0 0 0 0 4 1 6 1 2 1 4 1 0 0 | 0.058727826131249994
0 0 0 0 0 0 4 2 6 2 2 2 0 0 0 0 0 0 0 0 0 0 2 2 1 2 1 2 0 0 0 0 0 0 0 0 3 2 0 0 5 2 0 0 0 0 0 0 1 2 1 1 0 0 1 2 0 0 0 0 5 1 1 2 0 0 0 0 0 0 0 0 0 0 2 1 0 0 1 1 0 0 0 0 3 1 1 1 0 0 3 1 0 0 0 0 0 0 1 1 1 1 0 0 1 1 1 1 1 1 0 0 0 0 0 0 0 0 4 1 6 1 2 1 4 1 0 0 | 0.04720228850312498
0 0 0 0 0 0 4 2 6 2 2 2 0 0 0 0 0 0 0 0 0 0 2 2 1 2 1 2 0 0 0 0 0 0 0 0 0 0 0 0 5 2 0 0 0 0 0 0 1 2 1 1 0 0 1 2 0 0 0 0 5 1 1 2 0 0 3 2 0 0 0 0 0 0 2 1 0 0 1 1 0 0 0 0 3 1 1 1 0 0 3 1 0 0 0 0 0 0 1 1 1 1 0 0 1 1 1 1 1 1 0 0 0 0 0 0 0 0 4 1 6 1 2 1 4 1 0 0 | 0.05785419688124997
0 0 0 0 0 0 4 2 6 2 2 2 0 0 0 0 0 0 0 0 0 0 2 2 1 2 1 2 0 0 0 0 0 0 0 0 0 0 0 0 5 2 0 0 0 0 0 0 1 2 1 1 0 0 1 2 0 0 0 0 0 0 5 1 0 0 3 2 0 0 0 0 0 0 2 1 0 0 1 1 0 0 0 0 3 1 1 1 0 0 3 1 0 0 0 0 0 0 1 1 1 1 0 0 1 1 1 1 1 1 0 0 0 0 0 0 0 0 4 1 6 1 2 1 4 1 0 0 | 0.049747091090624966
0 0 0 0 0 0 4 2 6 2 2 2 0 0 0 0 0 0 0 0 0 0 2 2 1 2 1 2 0 0 0 0 0 0 0 0 0 0 0 0 5 2 0 0 0 0 0 0 1 2 1 1 0 0 1 2 0 0 0 0 0 0 5 1 0 0 0 0 0 0 0 0 0 0 2 1 0 0 1 1 0 0 0 0 3 1 1 1 0 0 3 1 0 0 0 0 0 0 1 1 3 2 0 0 1 1 1 1 1 1 0 0 0 0 0 0 0 0 4 1 6 1 2 1 4 1 0 0 | 0.045765017999999956
0 0 0 0 0 0 4 2 6 2 2 2 0 0 0 0 0 0 0 0 0 0 2 2 1 2 1 2 0 0 0 0 0 0 0 0 0 0 0 0 5 2 0 0 0 0 0 0 1 2 1 1 0 0 1 2 0 0 0 0 0 0 5 1 0 0 0 0 0 0 0 0 0 0 2 1 0 0 1 1 0 0 0 0 3 1 1 1 0 0 3 1 0 0 0 0 0 0 1 1 3 2 6 1 1 1 1 1 1 1 0 0 0 0 0 0 0 0 4 1 0 0 2 1 4 1 0 0 | 0.045765017999999956
0 0 0 0 0 0 4 2 6 2 2 2 0 0 0 0 0 0 0 0 0 0 2 2 1 2 1 2 0 0 0 0 0 0 0 0 0 0 0 0 5 2 0 0 0 0 0 0 1 2 1 1 0 0 1 2 0 0 0 0 0 0 5 1 0 0 3 2 0 0 0 0 0 0 2 1 0 0 1 1 0 0 0 0 3 1 1 1 0 0 3 1 0 0 0 0 0 0 1 1 0 0 6 1 1 1 1 1 1 1 0 0 0 0 0 0 0 0 4 1 0 0 2 1 4 1 0 0 | 0.058017562687499954
0 0 0 0 0 0 4 2 6 2 2 2 0 0 0 0 0 0 0 0 0 0 2 2 1 2 1 2 0 0 0 0 0 0 0 0 0 0 0 0 5 2 0 0 0 0 0 0 1 2 1 1 0 0 1 2 0 0 0 0 5 1 0 0 0 0 3 2 0 0 0 0 0 0 2 1 0 0 1 1 0 0 0 0 3 1 1 1 0 0 3 1 0 0 0 0 0 0 1 1 0 0 6 1 1 1 1 1 1 1 0 0 0 0 0 0 0 0 4 1 0 0 2 1 4 1 0 0 | 0.04602856049999996
0 0 0 0 0 0 4 2 6 2 2 2 0 0 0 0 0 0 0 0 0 0 2 2 1 2 0 0 0 0 0 0 0 0 0 0 0 0 0 0 5 2 0 0 0 0 0 0 1 2 1 1 0 0 1 2 0 0 1 2 5 1 0 0 0 0 3 2 0 0 0 0 0 0 2 1 0 0 1 1 0 0 0 0 3 1 1 1 0 0 3 1 0 0 0 0 0 0 1 1 0 0 6 1 1 1 1 1 1 1 0 0 0 0 0 0 0 0 4 1 0 0 2 1 4 1 0 0 | 0.05678061187499997
0 0 0 0 0 0 4 2 6 2 2 2 0 0 0 0 0 0 0 0 0 0 2 2 1 2 0 0 0 0 0 0 0 0 0 0 0 0 0 0 5 2 0 0 0 0 0 0 1 2 1 1 0 0 1 2 0 0 1 2 0 0 5 1 0 0 3 2 0 0 0 0 0 0 2 1 0 0 1 1 0 0 0 0 3 1 1 1 0 0 3 1 0 0 0 0 0 0 1 1 0 0 6 1 1 1 1 1 1 1 0 0 0 0 0 0 0 0 4 1 0 0 2 1 4 1 0 0 | 0.05178347854687496
0 0 0 0 0 0 4 2 6 2 2 2 0 0 0 0 0 0 0 0 0 0 2 2 1 2 5 2 0 0 0 0 0 0 0 0 0 0 0 0 0 0 0 0 0 0 0 0 1 2 1 1 0 0 1 2 0 0 1 2 0 0 5 1 0 0 3 2 0 0 0 0 0 0 2 1 0 0 1 1 0 0 0 0 3 1 1 1 0 0 3 1 0 0 0 0 0 0 1 1 0 0 6 1 1 1 1 1 1 1 0 0 0 0 0 0 0 0 4 1 0 0 2 1 4 1 0 0 | 0.05854438687499996
0 0 0 0 0 0 4 2 6 2 2 2 0 0 0 0 0 0 0 0 0 0 2 2 1 2 5 1 0 0 0 0 0 0 0 0 0 0 0 0 0 0 0 0 0 0 0 0 1 2 1 1 0 0 1 2 0 0 1 2 0 0 0 0 0 0 3 2 0 0 0 0 0 0 2 1 0 0 1 1 0 0 0 0 3 1 1 1 0 0 3 1 0 0 0 0 0 0 1 1 0 0 6 1 1 1 1 1 1 1 0 0 0 0 0 0 0 0 4 1 0 0 2 1 4 1 0 0 | 0.058533098718749975
0 0 0 0 0 0 4 2 0 0 2 2 0 0 0 0 0 0 0 0 0 0 2 2 1 2 6 2 0 0 0 0 0 0 0 0 0 0 0 0 0 0 0 0 0 0 0 0 1 2 1 1 0 0 1 2 0 0 1 2 0 0 0 0 0 0 3 2 0 0 0 0 0 0 2 1 0 0 1 1 0 0 0 0 3 1 1 1 0 0 3 1 0 0 0 0 0 0 1 1 0 0 6 1 1 1 1 1 1 1 0 0 0 0 0 0 0 0 4 1 0 0 2 1 4 1 0 0 | 0.058533098718749975
0 0 0 0 0 0 4 2 0 0 2 2 0 0 0 0 0 0 0 0 0 0 2 2 1 2 6 2 0 0 0 0 0 0 0 0 0 0 0 0 0 0 0 0 0 0 0 0 1 2 1 1 0 0 1 2 3 1 1 2 0 0 0 0 0 0 3 2 0 0 0 0 0 0 2 1 0 0 1 1 0 0 0 0 3 1 1 1 0 0 0 0 0 0 0 0 0 0 1 1 0 0 6 1 1 1 1 1 1 1 0 0 0 0 0 0 0 0 4 1 0 0 2 1 4 1 0 0 | 0.05338030274999998
0 0 0 0 0 0 4 2 0 0 2 2 0 0 0 0 0 0 0 0 0 0 2 2 1 2 0 0 0 0 0 0 0 0 0 0 0 0 0 0 6 2 0 0 0 0 0 0 1 2 1 1 0 0 1 2 3 1 1 2 0 0 0 0 0 0 3 2 0 0 0 0 0 0 2 1 0 0 1 1 0 0 0 0 3 1 1 1 0 0 0 0 0 0 0 0 0 0 1 1 0 0 6 1 1 1 1 1 1 1 0 0 0 0 0 0 0 0 4 1 0 0 2 1 4 1 0 0 | 0.05913783571874998
0 0 0 0 0 0 4 2 0 0 2 2 0 0 0 0 0 0 0 0 0 0 3 1 1 2 0 0 0 0 0 0 0 0 0 0 0 0 0 0 6 2 0 0 0 0 0 0 1 2 1 1 0 0 1 2 0 0 1 2 0 0 0 0 0 0 3 2 0 0 0 0 0 0 2 1 0 0 1 1 0 0 0 0 3 1 1 1 0 0 0 0 0 0 0 0 0 0 1 1 0 0 6 1 1 1 1 1 1 1 0 0 0 0 0 0 0 0 4 1 0 0 2 1 4 1 0 0 | 0.05308939748437498
0 0 0 0 0 0 0 0 0 0 2 2 0 0 0 0 0 0 0 0 0 0 4 2 1 2 0 0 0 0 0 0 0 0 0 0 0 0 0 0 6 2 0 0 0 0 0 0 1 2 1 1 0 0 1 2 0 0 1 2 0 0 0 0 0 0 3 2 0 0 0 0 0 0 2 1 0 0 1 1 0 0 0 0 3 1 1 1 0 0 0 0 0 0 0 0 0 0 1 1 0 0 6 1 1 1 1 1 1 1 0 0 0 0 0 0 0 0 4 1 0 0 2 1 4 1 0 0 | 0.05836879153124998
0 0 0 0 0 0 0 0 0 0 2 2 0 0 0 0 0 0 0 0 0 0 4 2 1 2 0 0 0 0 0 0 0 0 0 0 0 0 0 0 6 2 0 0 0 0 0 0 1 2 1 1 0 0 1 2 0 0 1 2 0 0 0 0 0 0 3 2 0 0 1 1 0 0 2 1 0 0 1 1 0 0 0 0 3 1 0 0 0 0 0 0 0 0 0 0 0 0 1 1 0 0 6 1 1 1 1 1 1 1 0 0 0 0 0 0 0 0 4 1 0 0 2 1 4 1 0 0 | 0.05219214246562499
0 0 0 0 0 0 0 0 0 0 2 2 0 0 0 0 0 0 0 0 0 0 4 2 1 2 0 0 0 0 0 0 0 0 0 0 0 0 0 0 6 2 0 0 0 0 0 0 0 0 1 1 0 0 1 2 0 0 1 2 0 0 0 0 1 2 3 2 0 0 1 1 0 0 2 1 0 0 1 1 0 0 0 0 3 1 0 0 0 0 0 0 0 0 0 0 0 0 1 1 0 0 6 1 1 1 1 1 1 1 0 0 0 0 0 0 0 0 4 1 0 0 2 1 4 1 0 0 | 0.05846990906249998
0 0 0 0 0 0 0 0 0 0 2 2 0 0 0 0 0 0 0 0 0 0 4 2 1 2 0 0 0 0 0 0 0 0 0 0 0 0 0 0 6 2 0 0 0 0 0 0 0 0 1 1 0 0 1 2 0 0 1 2 0 0 0 0 3 1 3 2 0 0 1 1 0 0 2 1 0 0 1 1 0 0 0 0 0 0 0 0 0 0 0 0 0 0 0 0 0 0 1 1 0 0 6 1 1 1 1 1 1 1 0 0 0 0 0 0 0 0 4 1 0 0 2 1 4 1 0 0 | 0.056760766790624986
0 0 0 0 0 0 0 0 0 0 0 0 0 0 0 0 0 0 0 0 0 0 4 2 1 2 0 0 2 2 0 0 0 0 0 0 0 0 0 0 6 2 0 0 0 0 0 0 0 0 1 1 0 0 1 2 0 0 1 2 0 0 0 0 3 1 3 2 0 0 1 1 0 0 2 1 0 0 1 1 0 0 0 0 0 0 0 0 0 0 0 0 0 0 0 0 0 0 1 1 0 0 6 1 1 1 1 1 1 1 0 0 0 0 0 0 0 0 4 1 0 0 2 1 4 1 0 0 | 0.057881145290624963
0 0 0 0 0 0 0 0 0 0 0 0 0 0 0 0 0 0 0 0 0 0 4 2 1 2 0 0 2 2 0 0 0 0 0 0 0 0 0 0 6 2 0 0 0 0 0 0 0 0 1 1 3 1 1 2 0 0 1 2 0 0 0 0 0 0 3 2 0 0 1 1 0 0 2 1 0 0 1 1 0 0 0 0 0 0 0 0 0 0 0 0 0 0 0 0 0 0 1 1 0 0 6 1 1 1 1 1 1 1 0 0 0 0 0 0 0 0 4 1 0 0 2 1 4 1 0 0 | 0.057881145290624963
0 0 0 0 0 0 0 0 0 0 0 0 0 0 0 0 0 0 0 0 0 0 4 2 1 2 6 2 2 2 0 0 0 0 0 0 0 0 0 0 0 0 0 0 0 0 0 0 0 0 1 1 3 1 1 2 0 0 1 2 0 0 0 0 0 0 3 2 0 0 1 1 0 0 2 1 0 0 1 1 0 0 0 0 0 0 0 0 0 0 0 0 0 0 0 0 0 0 1 1 0 0 6 1 1 1 1 1 1 1 0 0 0 0 0 0 0 0 4 1 0 0 2 1 4 1 0 0 | 0.07691393608593747
0 0 0 0 0 0 0 0 0 0 0 0 0 0 0 0 0 0 0 0 0 0 3 1 1 2 6 2 2 2 0 0 0 0 0 0 0 0 0 0 0 0 0 0 0 0 0 0 0 0 1 1 0 0 1 2 0 0 1 2 0 0 0 0 0 0 3 2 0 0 1 1 0 0 2 1 0 0 1 1 0 0 0 0 0 0 0 0 0 0 0 0 0 0 0 0 0 0 1 1 0 0 6 1 1 1 1 1 1 1 0 0 0 0 0 0 0 0 4 1 0 0 2 1 4 1 0 0 | 0.07753201108593748
0 0 0 0 0 0 0 0 0 0 0 0 0 0 0 0 0 0 0 0 0 0 3 1 1 2 6 2 0 0 0 0 0 0 0 0 0 0 0 0 0 0 0 0 0 0 0 0 0 0 1 1 0 0 1 2 0 0 1 2 0 0 0 0 0 0 3 2 0 0 2 2 0 0 2 1 0 0 1 1 0 0 0 0 0 0 0 0 0 0 0 0 0 0 0 0 0 0 1 1 0 0 6 1 1 1 1 1 1 1 0 0 0 0 0 0 0 0 4 1 0 0 2 1 4 1 0 0 | 0.07753201108593748
0 0 0 0 0 0 0 0 0 0 0 0 0 0 0 0 0 0 0 0 0 0 3 1 1 2 6 2 0 0 0 0 0 0 0 0 0 0 0 0 0 0 0 0 0 0 0 0 0 0 1 1 0 0 1 2 0 0 1 2 0 0 0 0 0 0 3 2 0 0 2 2 0 0 2 1 0 0 1 1 0 0 1 1 0 0 0 0 0 0 0 0 0 0 0 0 0 0 0 0 0 0 6 1 1 1 1 1 1 1 0 0 0 0 0 0 0 0 4 1 0 0 2 1 4 1 0 0 | 0.07382839276124999
0 0 0 0 0 0 0 0 0 0 0 0 0 0 0 0 0 0 0 0 0 0 3 1 1 2 6 2 0 0 0 0 0 0 0 0 0 0 0 0 0 0 0 0 0 0 0 0 0 0 1 1 0 0 1 2 0 0 1 2 0 0 0 0 0 0 3 2 0 0 0 0 0 0 2 1 0 0 1 1 0 0 1 1 0 0 0 0 0 0 0 0 0 0 0 0 0 0 0 0 0 0 6 1 1 1 2 2 1 1 0 0 0 0 0 0 0 0 4 1 0 0 2 1 4 1 0 0 | 0.07382839276124999
0 0 0 0 0 0 0 0 0 0 0 0 0 0 0 0 0 0 0 0 0 0 0 0 1 2 6 2 0 0 0 0 0 0 0 0 0 0 0 0 0 0 0 0 0 0 0 0 0 0 1 1 0 0 1 2 3 1 1 2 0 0 0 0 0 0 3 2 0 0 0 0 0 0 2 1 0 0 1 1 0 0 1 1 0 0 0 0 0 0 0 0 0 0 0 0 0 0 0 0 0 0 6 1 1 1 2 2 1 1 0 0 0 0 0 0 0 0 4 1 0 0 2 1 4 1 0 0 | 0.07382839276124999
0 0 0 0 0 0 0 0 0 0 0 0 0 0 0 0 0 0 0 0 0 0 0 0 1 2 0 0 0 0 0 0 0 0 0 0 0 0 0 0 6 2 0 0 0 0 0 0 0 0 1 1 0 0 1 2 3 1 1 2 0 0 0 0 0 0 3 2 0 0 0 0 0 0 2 1 0 0 1 1 0 0 1 1 0 0 0 0 0 0 0 0 0 0 0 0 0 0 0 0 0 0 6 1 1 1 2 2 1 1 0 0 0 0 0 0 0 0 4 1 0 0 2 1 4 1 0 0 | 0.07408076672374998
0 0 0 0 0 0 0 0 0 0 0 0 0 0 0 0 0 0 0 0 0 0 0 0 1 2 0 0 0 0 0 0 0 0 0 0 0 0 0 0 6 2 0 0 0 0 0 0 0 0 1 1 0 0 1 2 3 1 1 2 0 0 0 0 0 0 3 2 0 0 0 0 0 0 2 1 0 0 1 1 0 0 1 1 0 0 0 0 0 0 0 0 0 0 0 0 0 0 0 0 0 0 6 1 1 1 2 2 1 1 0 0 0 0 0 0 0 0 4 1 0 0 2 1 0 0 4 1 | 0.06855979844906247
0 0 0 0 0 0 0 0 0 0 0 0 0 0 0 0 0 0 0 0 0 0 0 0 1 2 0 0 0 0 0 0 0 0 0 0 0 0 0 0 6 2 0 0 0 0 0 0 0 0 1 1 0 0 1 2 3 1 1 2 0 0 0 0 0 0 3 2 0 0 2 2 0 0 2 1 0 0 1 1 0 0 1 1 0 0 0 0 0 0 0 0 0 0 0 0 0 0 0 0 0 0 6 1 1 1 0 0 1 1 0 0 0 0 0 0 0 0 4 1 0 0 2 1 0 0 4 1 | 0.07339782476124998
0 0 0 0 0 0 0 0 0 0 0 0 0 0 0 0 0 0 0 0 0 0 0 0 1 2 0 0 0 0 0 0 0 0 0 0 0 0 0 0 6 2 0 0 0 0 0 0 0 0 1 1 0 0 1 2 0 0 1 2 0 0 0 0 0 0 3 2 0 0 2 2 0 0 2 1 0 0 1 1 0 0 1 1 0 0 0 0 0 0 3 1 0 0 0 0 0 0 0 0 0 0 6 1 1 1 0 0 1 1 0 0 0 0 0 0 0 0 4 1 0 0 2 1 0 0 4 1 | 0.07150503576124997
0 0 0 0 0 0 0 0 0 0 0 0 0 0 0 0 0 0 0 0 0 0 0 0 1 2 0 0 0 0 0 0 0 0 0 0 0 0 0 0 6 2 0 0 0 0 0 0 0 0 1 1 2 2 1 2 0 0 1 2 0 0 0 0 0 0 3 2 0 0 0 0 0 0 2 1 0 0 1 1 0 0 1 1 0 0 0 0 0 0 3 1 0 0 0 0 0 0 0 0 0 0 6 1 1 1 0 0 1 1 0 0 0 0 0 0 0 0 4 1 0 0 2 1 0 0 4 1 | 0.07278517076124998
0 0 0 0 0 0 0 0 0 0 0 0 0 0 0 0 0 0 0 0 0 0 0 0 1 2 0 0 0 0 0 0 0 0 0 0 0 0 0 0 6 2 0 0 0 0 0 0 0 0 1 1 2 2 1 2 0 0 1 2 0 0 0 0 0 0 3 2 0 0 0 0 0 0 2 1 0 0 1 1 0 0 1 1 0 0 0 0 0 0 3 1 0 0 4 1 0 0 0 0 0 0 6 1 1 1 0 0 1 1 0 0 0 0 0 0 0 0 4 1 0 0 2 1 0 0 0 0 | 0.07278517076124998
0 0 0 0 0 0 0 0 0 0 0 0 0 0 0 0 0 0 0 0 0 0 0 0 1 2 6 2 0 0 0 0 0 0 0 0 0 0 0 0 0 0 0 0 0 0 0 0 0 0 1 1 2 2 1 2 0 0 1 2 0 0 0 0 0 0 3 2 0 0 0 0 0 0 2 1 0 0 1 1 0 0 1 1 0 0 0 0 0 0 3 1 0 0 4 1 0 0 0 0 0 0 6 1 1 1 0 0 1 1 0 0 0 0 0 0 0 0 4 1 0 0 2 1 0 0 0 0 | 0.07370716976124997
0 0 0 0 0 0 0 0 0 0 0 0 0 0 0 0 0 0 0 0 0 0 0 0 1 2 6 2 0 0 0 0 0 0 0 0 0 0 0 0 0 0 0 0 0 0 0 0 0 0 1 1 2 2 1 2 3 1 1 2 0 0 0 0 0 0 3 2 0 0 0 0 0 0 2 1 0 0 1 1 0 0 1 1 0 0 0 0 0 0 0 0 0 0 4 1 0 0 0 0 0 0 6 1 1 1 0 0 1 1 0 0 0 0 0 0 0 0 4 1 0 0 2 1 0 0 0 0 | 0.07370716976124997
0 0 0 0 0 0 0 0 0 0 0 0 0 0 0 0 0 0 0 0 0 0 0 0 1 2 0 0 0 0 0 0 0 0 0 0 0 0 0 0 6 2 0 0 0 0 0 0 0 0 1 1 2 2 1 2 3 1 1 2 0 0 0 0 0 0 3 2 0 0 0 0 0 0 2 1 0 0 1 1 0 0 1 1 0 0 0 0 0 0 0 0 0 0 4 1 0 0 0 0 0 0 6 1 1 1 0 0 1 1 0 0 0 0 0 0 0 0 4 1 0 0 2 1 0 0 0 0 | 0.07522371476124998
0 0 0 0 0 0 0 0 0 0 0 0 0 0 0 0 0 0 0 0 0 0 0 0 1 2 0 0 0 0 0 0 0 0 0 0 0 0 0 0 6 2 0 0 0 0 0 0 0 0 1 1 2 2 1 2 3 1 1 2 0 0 0 0 0 0 3 2 0 0 0 0 0 0 2 1 0 0 1 1 0 0 1 1 0 0 0 0 0 0 4 1 0 0 0 0 0 0 0 0 0 0 6 1 1 1 0 0 1 1 0 0 0 0 0 0 0 0 4 1 0 0 2 1 0 0 0 0 | 0.07440885476124999
0 0 0 0 0 0 0 0 0 0 0 0 0 0 0 0 0 0 0 0 0 0 0 0 1 2 0 0 0 0 0 0 0 0 0 0 0 0 0 0 6 2 0 0 0 0 0 0 0 0 1 1 0 0 1 2 3 1 1 2 0 0 0 0 0 0 3 2 0 0 2 2 0 0 2 1 0 0 1 1 0 0 1 1 0 0 0 0 0 0 4 1 0 0 0 0 0 0 0 0 0 0 6 1 1 1 0 0 1 1 0 0 0 0 0 0 0 0 4 1 0 0 2 1 0 0 0 0 | 0.07491436976124999
0 0 0 0 0 0 0 0 0 0 0 0 0 0 0 0 0 0 0 0 0 0 0 0 1 2 0 0 0 0 0 0 0 0 0 0 0 0 0 0 6 2 0 0 3 1 0 0 0 0 1 1 0 0 1 2 0 0 1 2 0 0 0 0 0 0 3 2 0 0 2 2 0 0 2 1 0 0 1 1 0 0 1 1 0 0 0 0 0 0 4 1 0 0 0 0 0 0 0 0 0 0 6 1 1 1 0 0 1 1 0 0 0 0 0 0 0 0 4 1 0 0 2 1 0 0 0 0 | 0.07318354676124998
0 0 0 0 0 0 0 0 0 0 0 0 0 0 0 0 0 0 0 0 0 0 0 0 1 2 6 2 0 0 0 0 0 0 0 0 0 0 0 0 0 0 0 0 3 1 0 0 0 0 1 1 0 0 1 2 0 0 1 2 0 0 0 0 0 0 3 2 0 0 2 2 0 0 2 1 0 0 1 1 0 0 1 1 0 0 0 0 0 0 4 1 0 0 0 0 0 0 0 0 0 0 6 1 1 1 0 0 1 1 0 0 0 0 0 0 0 0 4 1 0 0 2 1 0 0 0 0 | 0.07878176418968746
0 0 0 0 0 0 0 0 0 0 0 0 0 0 0 0 0 0 0 0 0 0 0 0 1 2 6 2 0 0 0 0 0 0 0 0 0 0 0 0 0 0 0 0 3 1 0 0 0 0 1 1 0 0 1 2 0 0 1 2 0 0 1 1 0 0 3 2 0 0 2 2 0 0 2 1 0 0 0 0 0 0 1 1 0 0 0 0 0 0 4 1 0 0 0 0 0 0 0 0 0 0 6 1 1 1 0 0 1 1 0 0 0 0 0 0 0 0 4 1 0 0 2 1 0 0 0 0 | 0.07320842325499999
0 0 0 0 0 0 0 0 0 0 0 0 0 0 0 0 0 0 0 0 0 0 0 0 0 0 6 2 0 0 0 0 0 0 0 0 0 0 0 0 1 2 0 0 3 1 0 0 0 0 1 1 0 0 1 2 0 0 1 2 0 0 1 1 0 0 3 2 0 0 2 2 0 0 2 1 0 0 0 0 0 0 1 1 0 0 0 0 0 0 4 1 0 0 0 0 0 0 0 0 0 0 6 1 1 1 0 0 1 1 0 0 0 0 0 0 0 0 4 1 0 0 2 1 0 0 0 0 | 0.07430805984874998
0 0 0 0 0 0 0 0 0 0 0 0 0 0 0 0 0 0 0 0 0 0 0 0 0 0 6 2 0 0 0 0 0 0 0 0 0 0 0 0 1 2 0 0 3 1 0 0 0 0 1 1 0 0 1 2 0 0 1 2 0 0 1 1 0 0 3 2 0 0 2 2 0 0 2 1 0 0 0 0 0 0 1 1 0 0 0 0 0 0 4 1 1 1 0 0 0 0 0 0 0 0 6 1 1 1 0 0 0 0 0 0 0 0 0 0 0 0 4 1 0 0 2 1 0 0 0 0 | 0.07320351900499998
0 0 0 0 0 0 0 0 0 0 0 0 6 2 0 0 0 0 0 0 0 0 0 0 0 0 0 0 0 0 0 0 0 0 0 0 0 0 0 0 1 2 0 0 3 1 0 0 0 0 1 1 0 0 1 2 0 0 1 2 0 0 1 1 0 0 3 2 0 0 2 2 0 0 2 1 0 0 0 0 0 0 1 1 0 0 0 0 0 0 4 1 1 1 0 0 0 0 0 0 0 0 6 1 1 1 0 0 0 0 0 0 0 0 0 0 0 0 4 1 0 0 2 1 0 0 0 0 | 0.07442882700499999
0 0 0 0 0 0 0 0 0 0 0 0 6 2 0 0 0 0 0 0 0 0 0 0 3 1 0 0 0 0 0 0 0 0 0 0 0 0 0 0 1 2 0 0 0 0 0 0 0 0 1 1 0 0 1 2 0 0 1 2 0 0 1 1 0 0 3 2 0 0 2 2 0 0 2 1 0 0 0 0 0 0 1 1 0 0 0 0 0 0 4 1 1 1 0 0 0 0 0 0 0 0 6 1 1 1 0 0 0 0 0 0 0 0 0 0 0 0 4 1 0 0 2 1 0 0 0 0 | 0.07381013700499998
0 0 0 0 0 0 0 0 0 0 0 0 0 0 0 0 0 0 0 0 0 0 0 0 3 1 0 0 0 0 6 2 0 0 0 0 0 0 0 0 1 2 0 0 0 0 0 0 0 0 1 1 0 0 1 2 0 0 1 2 0 0 1 1 0 0 3 2 0 0 2 2 0 0 2 1 0 0 0 0 0 0 1 1 0 0 0 0 0 0 4 1 1 1 0 0 0 0 0 0 0 0 6 1 1 1 0 0 0 0 0 0 0 0 0 0 0 0 4 1 0 0 2 1 0 0 0 0 | 0.07967368611781246
0 0 0 0 0 0 0 0 0 0 0 0 0 0 0 0 0 0 0 0 0 0 0 0 3 1 0 0 0 0 6 2 0 0 0 0 0 0 0 0 1 2 0 0 0 0 0 0 0 0 1 1 0 0 1 2 0 0 1 2 0 0 1 1 0 0 3 2 0 0 2 2 0 0 2 1 0 0 0 0 0 0 1 1 0 0 0 0 0 0 4 1 1 1 0 0 0 0 0 0 0 0 6 1 1 1 0 0 2 1 0 0 0 0 0 0 0 0 4 1 0 0 0 0 0 0 0 0 | 0.07350682800499998
0 0 0 0 0 0 0 0 0 0 0 0 0 0 0 0 0 0 0 0 0 0 0 0 3 1 0 0 0 0 6 2 0 0 0 0 0 0 0 0 0 0 0 0 0 0 0 0 0 0 1 1 0 0 1 2 1 2 1 2 0 0 1 1 0 0 3 2 0 0 2 2 0 0 2 1 0 0 0 0 0 0 1 1 0 0 0 0 0 0 4 1 1 1 0 0 0 0 0 0 0 0 6 1 1 1 0 0 2 1 0 0 0 0 0 0 0 0 4 1 0 0 0 0 0 0 0 0 | 0.07955289961468748
0 0 0 0 0 0 0 0 0 0 0 0 0 0 0 0 0 0 0 0 0 0 0 0 3 1 0 0 0 0 6 2 0 0 0 0 0 0 0 0 0 0 0 0 0 0 0 0 0 0 1 1 0 0 1 2 1 2 1 2 2 1 1 1 0 0 3 2 0 0 2 2 0 0 0 0 0 0 0 0 0 0 1 1 0 0 0 0 0 0 4 1 1 1 0 0 0 0 0 0 0 0 6 1 1 1 0 0 2 1 0 0 0 0 0 0 0 0 4 1 0 0 0 0 0 0 0 0 | 0.07307078044874998
0 0 0 0 0 0 0 0 0 0 0 0 0 0 0 0 0 0 0 0 0 0 0 0 3 1 0 0 0 0 6 2 0 0 0 0 0 0 0 0 0 0 0 0 0 0 0 0 0 0 1 1 0 0 1 2 0 0 1 2 2 1 1 1 0 0 3 2 0 0 2 2 1 2 0 0 0 0 0 0 0 0 1 1 0 0 0 0 0 0 4 1 1 1 0 0 0 0 0 0 0 0 6 1 1 1 0 0 2 1 0 0 0 0 0 0 0 0 4 1 0 0 0 0 0 0 0 0 | 0.07921679763031247
0 0 0 0 0 0 0 0 0 0 0 0 0 0 0 0 0 0 0 0 0 0 0 0 3 1 0 0 0 0 6 2 0 0 0 0 0 0 0 0 0 0 0 0 0 0 0 0 0 0 1 1 0 0 1 2 0 0 4 1 2 1 1 1 0 0 3 2 0 0 2 2 1 2 0 0 0 0 0 0 0 0 1 1 0 0 0 0 0 0 0 0 1 1 0 0 0 0 0 0 0 0 6 1 1 1 0 0 2 1 0 0 0 0 0 0 0 0 4 1 0 0 0 0 0 0 0 0 | 0.07869296252406247
0 0 0 0 0 0 0 0 0 0 0 0 0 0 0 0 0 0 0 0 0 0 0 0 3 1 0 0 0 0 6 2 0 0 0 0 0 0 0 0 0 0 0 0 0 0 0 0 0 0 1 1 0 0 1 2 0 0 4 1 2 1 1 1 0 0 3 2 0 0 2 2 0 0 0 0 0 0 0 0 0 0 1 1 0 0 0 0 1 2 0 0 1 1 0 0 0 0 0 0 0 0 6 1 1 1 0 0 2 1 0 0 0 0 0 0 0 0 4 1 0 0 0 0 0 0 0 0 | 0.08459351334
0 0 0 0 0 0 0 0 0 0 0 0 0 0 0 0 0 0 0 0 0 0 0 0 3 1 0 0 0 0 6 2 0 0 0 0 0 0 0 0 0 0 0 0 0 0 0 0 0 0 1 1 0 0 1 2 0 0 4 1 2 1 1 1 0 0 3 2 0 0 2 2 0 0 0 0 0 0 0 0 0 0 1 1 0 0 0 0 1 2 0 0 1 1 0 0 0 0 0 0 0 0 0 0 1 1 0 0 2 1 0 0 0 0 0 0 0 0 4 1 6 1 0 0 0 0 0 0 | 0.07876844032093748
0 0 0 0 0 0 0 0 0 0 0 0 0 0 0 0 0 0 0 0 0 0 0 0 3 1 0 0 0 0 6 2 0 0 0 0 0 0 0 0 0 0 0 0 0 0 0 0 0 0 1 1 0 0 1 2 0 0 4 1 2 1 1 1 0 0 0 0 0 0 2 2 0 0 0 0 0 0 0 0 0 0 1 1 0 0 0 0 1 2 0 0 1 1 0 0 0 0 0 0 3 2 0 0 1 1 0 0 2 1 0 0 0 0 0 0 0 0 4 1 6 1 0 0 0 0 0 0 | 0.07907809282093747
0 0 0 0 0 0 0 0 0 0 0 0 0 0 0 0 0 0 0 0 0 0 0 0 3 1 0 0 0 0 6 2 0 0 0 0 0 0 0 0 0 0 0 0 0 0 0 0 0 0 1 1 0 0 1 2 0 0 4 1 2 1 1 1 0 0 0 0 0 0 2 2 0 0 0 0 0 0 0 0 0 0 1 1 0 0 0 0 1 2 0 0 1 1 0 0 0 0 0 0 3 2 0 0 1 1 0 0 2 1 0 0 0 0 0 0 0 0 4 1 0 0 6 1 0 0 0 0 | 0.07907809282093747
0 0 0 0 0 0 0 0 0 0 0 0 0 0 0 0 0 0 0 0 0 0 0 0 3 1 0 0 0 0 6 2 0 0 0 0 0 0 0 0 0 0 0 0 0 0 0 0 0 0 1 1 2 2 1 2 0 0 4 1 2 1 1 1 0 0 0 0 0 0 0 0 0 0 0 0 0 0 0 0 0 0 1 1 0 0 0 0 1 2 0 0 1 1 0 0 0 0 0 0 3 2 0 0 1 1 0 0 2 1 0 0 0 0 0 0 0 0 4 1 0 0 6 1 0 0 0 0 | 0.08649025433999999
0 0 0 0 0 0 0 0 0 0 0 0 0 0 0 0 0 0 0 0 0 0 0 0 0 0 0 0 0 0 6 2 0 0 0 0 0 0 0 0 0 0 0 0 0 0 0 0 0 0 1 1 2 2 3 1 0 0 4 1 2 1 1 1 0 0 0 0 0 0 0 0 0 0 0 0 0 0 0 0 0 0 1 1 0 0 0 0 1 2 0 0 1 1 0 0 0 0 0 0 3 2 0 0 1 1 0 0 2 1 0 0 0 0 0 0 0 0 4 1 0 0 6 1 0 0 0 0 | 0.08464259033999999
0 0 0 0 0 0 0 0 0 0 0 0 0 0 0 0 0 0 0 0 0 0 0 0 0 0 0 0 0 0 6 2 0 0 0 0 0 0 2 2 0 0 0 0 0 0 0 0 0 0 1 1 0 0 3 1 0 0 4 1 2 1 1 1 0 0 0 0 0 0 0 0 0 0 0 0 0 0 0 0 0 0 1 1 0 0 0 0 1 2 0 0 1 1 0 0 0 0 0 0 3 2 0 0 1 1 0 0 2 1 0 0 0 0 0 0 0 0 4 1 0 0 6 1 0 0 0 0 | 0.09108754153093748
0 0 0 0 0 0 0 0 0 0 0 0 0 0 0 0 0 0 0 0 0 0 0 0 0 0 0 0 0 0 6 2 0 0 0 0 0 0 2 2 0 0 3 1 0 0 0 0 0 0 1 1 0 0 0 0 0 0 4 1 2 1 1 1 0 0 0 0 0 0 0 0 0 0 0 0 0 0 0 0 0 0 1 1 0 0 0 0 1 2 0 0 1 1 0 0 0 0 0 0 3 2 0 0 1 1 0 0 2 1 0 0 0 0 0 0 0 0 4 1 0 0 6 1 0 0 0 0 | 0.08494650234000002
0 0 0 0 0 0 0 0 0 0 0 0 0 0 0 0 0 0 0 0 0 0 0 0 0 0 0 0 6 2 0 0 0 0 0 0 0 0 2 2 0 0 3 1 0 0 0 0 0 0 1 1 0 0 0 0 0 0 4 1 2 1 1 1 0 0 0 0 0 0 0 0 0 0 0 0 0 0 0 0 0 0 1 1 0 0 0 0 1 2 0 0 1 1 0 0 0 0 0 0 3 2 0 0 1 1 0 0 2 1 0 0 0 0 0 0 0 0 4 1 0 0 6 1 0 0 0 0 | 0.10093692443624995
0 0 0 0 0 0 0 0 0 0 0 0 0 0 0 0 0 0 0 0 0 0 0 0 0 0 0 0 6 2 0 0 0 0 0 0 0 0 4 1 0 0 3 1 0 0 0 0 0 0 1 1 0 0 0 0 0 0 4 1 2 1 1 1 0 0 0 0 0 0 0 0 0 0 0 0 0 0 0 0 0 0 1 1 0 0 0 0 1 2 0 0 1 1 0 0 0 0 0 0 3 2 0 0 1 1 0 0 2 1 0 0 0 0 0 0 0 0 0 0 0 0 6 1 0 0 0 0 | 0.10093692443624995
0 0 0 0 0 0 0 0 0 0 0 0 0 0 0 0 0 0 0 0 0 0 0 0 0 0 0 0 6 2 0 0 0 0 0 0 0 0 4 1 0 0 3 1 0 0 0 0 0 0 1 1 0 0 0 0 0 0 4 1 2 1 1 1 0 0 3 2 0 0 0 0 0 0 0 0 0 0 0 0 0 0 1 1 0 0 0 0 1 2 0 0 1 1 0 0 0 0 0 0 0 0 0 0 1 1 0 0 2 1 0 0 0 0 0 0 0 0 0 0 0 0 6 1 0 0 0 0 | 0.10649523022874999
0 0 0 0 0 0 0 0 0 0 0 0 0 0 0 0 0 0 0 0 0 0 0 0 0 0 0 0 6 2 0 0 0 0 0 0 0 0 4 1 0 0 3 1 0 0 0 0 0 0 1 1 0 0 0 0 0 0 4 1 0 0 1 1 0 0 3 2 0 0 0 0 0 0 0 0 0 0 0 0 0 0 1 1 0 0 0 0 2 1 0 0 1 1 0 0 0 0 0 0 0 0 0 0 1 1 0 0 2 1 0 0 0 0 0 0 0 0 0 0 0 0 6 1 0 0 0 0 | 0.10649523022874999
0 0 0 0 0 0 0 0 0 0 0 0 0 0 6 2 0 0 0 0 0 0 0 0 0 0 0 0 0 0 0 0 0 0 0 0 0 0 4 1 0 0 3 1 0 0 0 0 0 0 1 1 0 0 0 0 0 0 4 1 0 0 1 1 0 0 3 2 0 0 0 0 0 0 0 0 0 0 0 0 0 0 1 1 0 0 0 0 2 1 0 0 1 1 0 0 0 0 0 0 0 0 0 0 1 1 0 0 2 1 0 0 0 0 0 0 0 0 0 0 0 0 6 1 0 0 0 0 | 0.10833808222874997
0 0 0 0 0 0 0 0 0 0 0 0 0 0 6 2 0 0 0 0 0 0 0 0 0 0 0 0 0 0 0 0 0 0 0 0 0 0 4 1 0 0 3 1 0 0 0 0 0 0 1 1 0 0 0 0 0 0 4 1 0 0 1 1 0 0 3 2 0 0 0 0 2 1 0 0 0 0 0 0 0 0 1 1 0 0 0 0 2 1 0 0 1 1 0 0 0 0 0 0 0 0 0 0 1 1 0 0 0 0 0 0 0 0 0 0 0 0 0 0 0 0 6 1 0 0 0 0 | 0.10771570222874997
0 0 0 0 0 0 0 0 0 0 0 0 0 0 0 0 0 0 0 0 0 0 0 0 0 0 0 0 6 2 0 0 0 0 0 0 0 0 4 1 0 0 3 1 0 0 0 0 0 0 1 1 0 0 0 0 0 0 4 1 0 0 1 1 0 0 3 2 0 0 0 0 2 1 0 0 0 0 0 0 0 0 1 1 0 0 0 0 2 1 0 0 1 1 0 0 0 0 0 0 0 0 0 0 1 1 0 0 0 0 0 0 0 0 0 0 0 0 0 0 0 0 6 1 0 0 0 0 | 0.10895439022874999
0 0 0 0 0 0 0 0 0 0 0 0 0 0 0 0 0 0 0 0 0 0 0 0 0 0 0 0 6 2 0 0 0 0 0 0 0 0 4 1 0 0 3 1 0 0 1 1 0 0 1 1 0 0 0 0 0 0 4 1 0 0 0 0 0 0 3 2 0 0 0 0 2 1 0 0 0 0 0 0 0 0 1 1 0 0 0 0 2 1 0 0 1 1 0 0 0 0 0 0 0 0 0 0 1 1 0 0 0 0 0 0 0 0 0 0 0 0 0 0 0 0 6 1 0 0 0 0 | 0.10826666981624998
0 0 0 0 0 0 0 0 0 0 6 2 0 0 0 0 0 0 0 0 0 0 0 0 0 0 0 0 0 0 0 0 0 0 0 0 0 0 4 1 0 0 3 1 0 0 1 1 0 0 1 1 0 0 0 0 0 0 4 1 0 0 0 0 0 0 3 2 0 0 0 0 2 1 0 0 0 0 0 0 0 0 1 1 0 0 0 0 2 1 0 0 1 1 0 0 0 0 0 0 0 0 0 0 1 1 0 0 0 0 0 0 0 0 0 0 0 0 0 0 0 0 6 1 0 0 0 0 | 0.10888297781624998
0 0 0 0 0 0 0 0 0 0 6 2 0 0 0 0 0 0 0 0 0 0 0 0 0 0 0 0 0 0 0 0 0 0 0 0 0 0 4 1 0 0 0 0 0 0 1 1 0 0 1 1 0 0 3 1 0 0 4 1 0 0 0 0 0 0 3 2 0 0 0 0 2 1 0 0 0 0 0 0 0 0 1 1 0 0 0 0 2 1 0 0 1 1 0 0 0 0 0 0 0 0 0 0 1 1 0 0 0 0 0 0 0 0 0 0 0 0 0 0 0 0 6 1 0 0 0 0 | 0.10888297781624998
0 0 0 0 0 0 0 0 0 0 0 0 6 2 0 0 0 0 0 0 0 0 0 0 0 0 0 0 0 0 0 0 0 0 0 0 0 0 4 1 0 0 0 0 0 0 1 1 0 0 1 1 0 0 3 1 0 0 4 1 0 0 0 0 0 0 3 2 0 0 0 0 2 1 0 0 0 0 0 0 0 0 1 1 0 0 0 0 2 1 0 0 1 1 0 0 0 0 0 0 0 0 0 0 1 1 0 0 0 0 0 0 0 0 0 0 0 0 0 0 0 0 6 1 0 0 0 0 | 0.12395306906718746
0 0 0 0 0 0 0 0 0 0 0 0 6 2 0 0 0 0 0 0 0 0 0 0 0 0 0 0 0 0 0 0 0 0 0 0 0 0 4 1 0 0 0 0 0 0 1 1 0 0 1 1 0 0 0 0 0 0 4 1 0 0 0 0 0 0 3 1 0 0 0 0 2 1 0 0 0 0 0 0 0 0 1 1 0 0 0 0 2 1 0 0 1 1 0 0 0 0 0 0 0 0 0 0 1 1 0 0 0 0 0 0 0 0 0 0 0 0 0 0 0 0 6 1 0 0 0 0 | 0.12395306906718746
0 0 0 0 0 0 0 0 0 0 0 0 0 0 0 0 0 0 0 0 0 0 0 0 0 0 0 0 0 0 6 2 0 0 0 0 0 0 4 1 0 0 0 0 0 0 1 1 0 0 1 1 0 0 0 0 0 0 4 1 0 0 0 0 0 0 3 1 0 0 0 0 2 1 0 0 0 0 0 0 0 0 1 1 0 0 0 0 2 1 0 0 1 1 0 0 0 0 0 0 0 0 0 0 1 1 0 0 0 0 0 0 0 0 0 0 0 0 0 0 0 0 6 1 0 0 0 0 | 1.0
0 0 0 0 0 0 0 0 0 0 4 1 0 0 0 0 0 0 0 0 0 0 0 0 0 0 0 0 0 0 6 2 0 0 0 0 0 0 4 1 0 0 0 0 0 0 1 1 0 0 1 1 0 0 0 0 0 0 0 0 0 0 0 0 0 0 3 1 0 0 0 0 2 1 0 0 0 0 0 0 0 0 1 1 0 0 0 0 2 1 0 0 1 1 0 0 0 0 0 0 0 0 0 0 1 1 0 0 0 0 0 0 0 0 0 0 0 0 0 0 0 0 6 1 0 0 0 0 | 1.0
0 0 0 0 0 0 4 2 6 2 2 2 0 0 0 0 0 0 0 0 0 0 2 2 1 2 1 2 0 0 0 0 0 0 0 0 0 0 0 0 5 2 0 0 0 0 0 0 1 2 1 1 0 0 1 2 0 0 0 0 5 1 1 2 0 0 3 2 0 0 3 1 0 0 2 1 0 0 1 1 0 0 0 0 3 1 1 1 0 0 0 0 0 0 0 0 0 0 1 1 1 1 0 0 1 1 1 1 1 1 0 0 0 0 0 0 0 0 4 1 6 1 2 1 4 1 0 0 | 0.04648234451874997
0 0 0 0 0 0 4 2 6 2 2 2 0 0 0 0 0 0 0 0 0 0 2 2 1 2 1 2 0 0 0 0 0 0 5 2 0 0 0 0 0 0 0 0 0 0 0 0 1 2 1 1 0 0 1 2 0 0 0 0 5 1 1 2 0 0 3 2 0 0 3 1 0 0 2 1 0 0 1 1 0 0 0 0 3 1 1 1 0 0 0 0 0 0 0 0 0 0 1 1 1 1 0 0 1 1 1 1 1 1 0 0 0 0 0 0 0 0 4 1 6 1 2 1 4 1 0 0 | 0.060206910881249985
0 0 0 0 0 0 4 2 6 2 2 2 0 0 0 0 0 0 0 0 0 0 2 2 1 2 1 2 0 0 0 0 0 0 5 2 0 0 0 0 0 0 0 0 0 0 0 0 1 2 1 1 0 0 1 2 0 0 0 0 5 1 1 2 0 0 3 2 0 0 0 0 0 0 2 1 0 0 1 1 0 0 3 1 3 1 1 1 0 0 0 0 0 0 0 0 0 0 1 1 1 1 0 0 1 1 1 1 1 1 0 0 0 0 0 0 0 0 4 1 6 1 2 1 4 1 0 0 | 0.042512793141874984
0 0 0 0 0 0 4 2 6 2 2 2 0 0 0 0 0 0 0 0 0 0 2 2 1 2 1 2 0 0 0 0 0 0 5 2 0 0 0 0 0 0 0 0 0 0 0 0 1 2 1 1 0 0 1 2 0 0 0 0 5 1 1 2 0 0 0 0 0 0 0 0 0 0 2 1 0 0 1 1 0 0 3 1 3 1 1 1 0 0 0 0 0 0 0 0 0 0 1 1 3 2 0 0 1 1 1 1 1 1 0 0 0 0 0 0 0 0 4 1 6 1 2 1 4 1 0 0 | 0.042512793141874984
0 0 0 0 0 0 4 2 6 2 2 2 0 0 0 0 0 0 0 0 0 0 2 2 1 2 1 2 0 0 0 0 0 0 5 2 0 0 0 0 0 0 0 0 0 0 0 0 1 2 1 1 0 0 1 2 0 0 0 0 5 1 1 2 0 0 0 0 0 0 0 0 0 0 2 1 0 0 1 1 0 0 3 1 3 1 1 1 0 0 0 0 0 0 0 0 0 0 1 1 3 2 6 1 1 1 1 1 1 1 0 0 0 0 0 0 0 0 4 1 0 0 2 1 4 1 0 0 | 0.042512793141874984
0 0 0 0 0 0 4 2 6 2 2 2 0 0 0 0 0 0 0 0 0 0 2 2 1 2 1 2 0 0 0 0 0 0 5 2 0 0 0 0 0 0 0 0 0 0 0 0 1 2 1 1 0 0 1 2 0 0 0 0 5 1 1 2 0 0 3 2 0 0 0 0 0 0 2 1 0 0 1 1 0 0 3 1 3 1 1 1 0 0 0 0 0 0 0 0 0 0 1 1 0 0 6 1 1 1 1 1 1 1 0 0 0 0 0 0 0 0 4 1 0 0 2 1 4 1 0 0 | 0.054717707116874986
0 0 0 0 0 0 4 2 6 2 2 2 0 0 0 0 0 0 0 0 0 0 2 2 1 2 1 2 0 0 0 0 0 0 5 2 0 0 0 0 0 0 0 0 0 0 0 0 1 2 1 1 0 0 1 2 0 0 0 0 0 0 5 1 0 0 3 2 0 0 0 0 0 0 2 1 0 0 1 1 0 0 3 1 3 1 1 1 0 0 0 0 0 0 0 0 0 0 1 1 0 0 6 1 1 1 1 1 1 1 0 0 0 0 0 0 0 0 4 1 0 0 2 1 4 1 0 0 | 0.04608238049999997
0 0 0 0 0 0 4 2 6 2 2 2 0 0 0 0 0 0 0 0 0 0 2 2 1 2 1 2 0 0 0 0 0 0 0 0 0 0 0 0 0 0 0 0 0 0 0 0 1 2 1 1 0 0 1 2 0 0 0 0 0 0 5 1 0 0 3 2 0 0 0 0 0 0 2 1 0 0 1 1 0 0 3 1 3 1 1 1 0 0 0 0 0 0 0 0 0 0 1 1 0 0 6 1 1 1 5 2 1 1 0 0 0 0 0 0 0 0 4 1 0 0 2 1 4 1 0 0 | 0.054874555985
0 0 0 0 0 0 4 2 6 2 2 2 0 0 0 0 0 0 0 0 0 0 2 2 1 2 1 2 0 0 0 0 0 0 0 0 0 0 0 0 0 0 0 0 0 0 0 0 1 2 1 1 0 0 3 1 0 0 0 0 0 0 5 1 0 0 3 2 0 0 0 0 0 0 2 1 0 0 1 1 0 0 3 1 0 0 1 1 0 0 0 0 0 0 0 0 0 0 1 1 0 0 6 1 1 1 5 2 1 1 0 0 0 0 0 0 0 0 4 1 0 0 2 1 4 1 0 0 | 0.03146587451156249
0 0 0 0 0 0 4 2 6 2 2 2 0 0 0 0 0 0 0 0 0 0 2 2 1 2 1 2 0 0 0 0 0 0 0 0 0 0 0 0 0 0 0 0 0 0 0 0 1 2 1 1 0 0 3 2 0 0 0 0 0 0 5 1 0 0 0 0 0 0 0 0 0 0 2 1 0 0 1 1 0 0 3 1 0 0 1 1 0 0 0 0 0 0 0 0 0 0 1 1 0 0 6 1 1 1 5 2 1 1 0 0 0 0 0 0 0 0 4 1 0 0 2 1 4 1 0 0 | 0.041665501149999985
0 0 0 0 0 0 4 2 6 2 2 2 0 0 0 0 0 0 0 0 0 0 2 2 1 2 1 2 0 0 0 0 0 0 0 0 0 0 0 0 0 0 0 0 0 0 0 0 1 2 1 1 0 0 5 1 0 0 0 0 0 0 0 0 0 0 0 0 0 0 0 0 0 0 2 1 0 0 1 1 0 0 3 1 0 0 1 1 0 0 0 0 0 0 0 0 0 0 1 1 0 0 6 1 1 1 5 2 1 1 0 0 0 0 0 0 0 0 4 1 0 0 2 1 4 1 0 0 | 0.03378284384343751
0 0 0 0 0 0 4 2 6 2 2 2 0 0 0 0 0 0 0 0 0 0 2 2 1 2 1 2 0 0 0 0 0 0 0 0 0 0 0 0 0 0 0 0 0 0 0 0 1 2 1 1 0 0 5 1 0 0 0 0 0 0 0 0 0 0 0 0 0 0 0 0 0 0 5 2 0 0 1 1 0 0 3 1 0 0 1 1 0 0 0 0 0 0 0 0 0 0 1 1 0 0 6 1 1 1 0 0 1 1 0 0 0 0 0 0 0 0 4 1 0 0 2 1 4 1 0 0 | 0.03837269948281249
0 0 0 0 0 0 4 2 6 2 2 2 0 0 0 0 0 0 0 0 0 0 2 2 1 2 1 2 0 0 0 0 0 0 0 0 0 0 0 0 0 0 0 0 0 0 0 0 1 2 1 1 0 0 5 1 0 0 0 0 0 0 0 0 0 0 0 0 0 0 0 0 0 0 5 2 0 0 1 1 0 0 3 1 0 0 1 1 1 1 0 0 0 0 0 0 0 0 1 1 0 0 6 1 0 0 0 0 1 1 0 0 0 0 0 0 0 0 4 1 0 0 2 1 4 1 0 0 | 0.026921124961250004
0 0 0 0 0 0 4 2 6 2 2 2 0 0 0 0 0 0 0 0 0 0 2 2 1 2 1 2 0 0 0 0 0 0 0 0 0 0 0 0 0 0 0 0 0 0 0 0 1 2 1 1 0 0 5 1 0 0 0 0 0 0 0 0 0 0 5 2 0 0 0 0 0 0 0 0 0 0 1 1 0 0 3 1 0 0 1 1 1 1 0 0 0 0 0 0 0 0 1 1 0 0 6 1 0 0 0 0 1 1 0 0 0 0 0 0 0 0 4 1 0 0 2 1 4 1 0 0 | 0.03940441002968749
0 0 0 0 0 0 4 2 6 2 2 2 0 0 0 0 0 0 0 0 0 0 2 2 1 2 1 2 0 0 0 0 0 0 0 0 0 0 0 0 0 0 0 0 0 0 0 0 1 2 1 1 0 0 5 1 0 0 0 0 0 0 0 0 0 0 5 2 0 0 0 0 0 0 0 0 0 0 1 1 0 0 3 1 0 0 1 1 1 1 0 0 0 0 0 0 0 0 1 1 0 0 0 0 0 0 0 0 1 1 0 0 0 0 0 0 6 1 4 1 0 0 2 1 4 1 0 0 | 0.025729596961250004
0 0 0 0 4 2 0 0 6 2 2 2 0 0 0 0 0 0 0 0 0 0 2 2 1 2 1 2 0 0 0 0 0 0 0 0 0 0 0 0 0 0 0 0 0 0 0 0 1 2 1 1 0 0 5 1 0 0 0 0 0 0 0 0 0 0 5 2 0 0 0 0 0 0 0 0 0 0 1 1 0 0 3 1 0 0 1 1 1 1 0 0 0 0 0 0 0 0 1 1 0 0 0 0 0 0 0 0 1 1 0 0 0 0 0 0 6 1 4 1 0 0 2 1 4 1 0 0 | 0.0404736275296875
0 0 0 0 4 2 0 0 6 2 2 2 0 0 0 0 0 0 0 0 0 0 2 2 1 2 1 2 0 0 0 0 0 0 0 0 0 0 0 0 0 0 0 0 0 0 0 0 1 2 1 1 0 0 5 1 0 0 0 0 0 0 0 0 0 0 5 2 0 0 0 0 0 0 0 0 0 0 1 1 0 0 3 1 0 0 1 1 1 1 0 0 0 0 0 0 0 0 1 1 0 0 0 0 0 0 0 0 1 1 0 0 0 0 6 1 0 0 4 1 0 0 2 1 4 1 0 0 | 0.026206306961249995
0 0 0 0 4 2 0 0 6 2 2 2 0 0 0 0 0 0 0 0 0 0 0 0 1 2 1 2 0 0 0 0 0 0 0 0 0 0 0 0 0 0 0 0 0 0 0 0 1 2 1 1 0 0 5 1 0 0 0 0 0 0 0 0 0 0 5 2 0 0 0 0 0 0 0 0 2 2 1 1 0 0 3 1 0 0 1 1 1 1 0 0 0 0 0 0 0 0 1 1 0 0 0 0 0 0 0 0 1 1 0 0 0 0 6 1 0 0 4 1 0 0 2 1 4 1 0 0 | 0.04467499506624999
0 0 0 0 4 2 0 0 6 2 2 2 0 0 0 0 0 0 0 0 0 0 0 0 1 2 1 2 0 0 0 0 0 0 0 0 0 0 0 0 0 0 0 0 0 0 0 0 1 2 1 1 0 0 5 1 0 0 0 0 0 0 0 0 0 0 5 2 0 0 0 0 0 0 0 0 2 2 1 1 0 0 3 1 0 0 1 1 1 1 0 0 0 0 0 0 0 0 1 1 0 0 0 0 2 1 0 0 1 1 0 0 0 0 6 1 0 0 4 1 0 0 0 0 4 1 0 0 | 0.026796142961249995
0 0 0 0 4 2 0 0 6 2 2 2 0 0 0 0 0 0 0 0 0 0 0 0 1 2 1 2 0 0 0 0 0 0 0 0 0 0 0 0 0 0 0 0 0 0 0 0 1 2 1 1 0 0 5 1 0 0 0 0 0 0 0 0 0 0 5 2 0 0 0 0 0 0 0 0 0 0 1 1 0 0 3 1 0 0 1 1 1 1 0 0 0 0 0 0 0 0 1 1 0 0 0 0 2 2 0 0 1 1 0 0 0 0 6 1 0 0 4 1 0 0 0 0 4 1 0 0 | 0.02768889886687498
0 0 0 0 4 2 0 0 6 2 2 2 0 0 0 0 0 0 0 0 0 0 0 0 1 2 1 2 0 0 0 0 0 0 0 0 0 0 0 0 0 0 0 0 0 0 0 0 3 1 1 1 0 0 5 1 0 0 0 0 0 0 0 0 0 0 5 2 0 0 0 0 0 0 0 0 0 0 1 1 0 0 0 0 0 0 1 1 1 1 0 0 0 0 0 0 0 0 1 1 0 0 0 0 2 2 0 0 1 1 0 0 0 0 6 1 0 0 4 1 0 0 0 0 4 1 0 0 | 0.006303277671250001
0 0 0 0 4 2 0 0 6 2 2 2 0 0 0 0 0 0 0 0 0 0 0 0 1 2 1 2 0 0 0 0 0 0 0 0 0 0 0 0 0 0 0 0 0 0 0 0 5 2 1 1 0 0 5 1 0 0 0 0 0 0 0 0 0 0 0 0 0 0 0 0 0 0 0 0 0 0 1 1 0 0 0 0 0 0 1 1 1 1 0 0 0 0 0 0 0 0 1 1 0 0 0 0 2 2 0 0 1 1 0 0 0 0 6 1 0 0 4 1 0 0 0 0 4 1 0 0 | 0.018772503947812488
0 0 0 0 4 2 0 0 6 2 2 2 0 0 0 0 0 0 0 0 0 0 0 0 1 2 1 2 0 0 0 0 0 0 0 0 0 0 0 0 0 0 0 0 0 0 0 0 5 2 1 1 0 0 5 1 0 0 0 0 0 0 0 0 0 0 0 0 0 0 0 0 0 0 0 0 0 0 1 1 0 0 0 0 0 0 1 1 1 1 0 0 0 0 0 0 0 0 1 1 0 0 0 0 2 2 0 0 1 1 0 0 0 0 6 1 0 0 4 1 4 1 0 0 0 0 0 0 | -0.006894802726874989
0 0 0 0 4 2 0 0 6 2 2 2 0 0 0 0 0 0 0 0 0 0 0 0 1 2 1 2 0 0 0 0 0 0 0 0 0 0 0 0 0 0 0 0 0 0 0 0 5 2 1 1 0 0 5 1 0 0 0 0 0 0 0 0 0 0 0 0 0 0 0 0 0 0 0 0 0 0 1 1 0 0 0 0 0 0 1 1 1 1 0 0 0 0 0 0 0 0 1 1 0 0 0 0 0 0 0 0 1 1 0 0 0 0 6 1 0 0 2 2 4 1 0 0 0 0 0 0 | 0.002348889355312505
0 0 0 0 4 2 0 0 6 2 2 2 0 0 0 0 0 0 0 0 0 0 0 0 1 2 1 2 0 0 0 0 0 0 0 0 0 0 0 0 0 0 0 0 0 0 0 0 5 2 1 1 0 0 5 1 0 0 0 0 0 0 0 0 0 0 0 0 0 0 0 0 0 0 0 0 0 0 1 1 0 0 0 0 0 0 1 1 1 1 0 0 0 0 0 0 0 0 1 1 0 0 0 0 0 0 0 0 1 1 0 0 0 0 6 1 0 0 4 1 0 0 0 0 0 0 0 0 | 0.002348889355312505
0 0 0 0 4 2 0 0 6 2 2 2 0 0 0 0 0 0 0 0 0 0 0 0 1 2 0 0 0 0 0 0 0 0 0 0 0 0 0 0 0 0 1 2 0 0 0 0 5 2 1 1 0 0 5 1 0 0 0 0 0 0 0 0 0 0 0 0 0 0 0 0 0 0 0 0 0 0 1 1 0 0 0 0 0 0 1 1 1 1 0 0 0 0 0 0 0 0 1 1 0 0 0 0 0 0 0 0 1 1 0 0 0 0 6 1 0 0 4 1 0 0 0 0 0 0 0 0 | 0.008618841250000007
0 0 0 0 4 2 0 0 6 2 2 2 0 0 0 0 0 0 0 0 0 0 0 0 1 2 0 0 0 0 0 0 0 0 0 0 0 0 0 0 0 0 1 2 0 0 0 0 5 2 1 1 0 0 0 0 0 0 0 0 0 0 5 1 0 0 0 0 0 0 0 0 0 0 0 0 0 0 1 1 0 0 0 0 0 0 1 1 1 1 0 0 0 0 0 0 0 0 1 1 0 0 0 0 0 0 0 0 1 1 0 0 0 0 6 1 0 0 4 1 0 0 0 0 0 0 0 0 | 0.00533884125
0 0 0 0 4 2 0 0 0 0 2 2 0 0 0 0 0 0 0 0 0 0 6 2 1 2 0 0 0 0 0 0 0 0 0 0 0 0 0 0 0 0 1 2 0 0 0 0 5 2 1 1 0 0 0 0 0 0 0 0 0 0 5 1 0 0 0 0 0 0 0 0 0 0 0 0 0 0 1 1 0 0 0 0 0 0 1 1 1 1 0 0 0 0 0 0 0 0 1 1 0 0 0 0 0 0 0 0 1 1 0 0 0 0 6 1 0 0 4 1 0 0 0 0 0 0 0 0 | 0.008106341250000008
0 0 0 0 4 2 0 0 0 0 2 2 0 0 0 0 0 0 0 0 0 0 6 2 1 2 0 0 0 0 0 0 0 0 0 0 0 0 0 0 0 0 1 2 0 0 0 0 5 2 1 1 0 0 0 0 0 0 5 1 0 0 0 0 0 0 0 0 0 0 0 0 0 0 0 0 0 0 1 1 0 0 0 0 0 0 1 1 1 1 0 0 0 0 0 0 0 0 1 1 0 0 0 0 0 0 0 0 1 1 0 0 0 0 6 1 0 0 4 1 0 0 0 0 0 0 0 0 | 0.00718384125
0 0 0 0 4 2 0 0 0 0 2 2 0 0 0 0 0 0 0 0 0 0 6 2 0 0 0 0 0 0 0 0 0 0 0 0 0 0 0 0 1 2 1 2 0 0 0 0 5 2 1 1 0 0 0 0 0 0 5 1 0 0 0 0 0 0 0 0 0 0 0 0 0 0 0 0 0 0 1 1 0 0 0 0 0 0 1 1 1 1 0 0 0 0 0 0 0 0 1 1 0 0 0 0 0 0 0 0 1 1 0 0 0 0 6 1 0 0 4 1 0 0 0 0 0 0 0 0 | 0.012079970089687496
0 0 0 0 4 2 0 0 0 0 2 2 0 0 0 0 0 0 0 0 0 0 6 2 0 0 0 0 0 0 0 0 0 0 0 0 0 0 0 0 1 2 5 1 0 0 0 0 5 2 1 1 0 0 0 0 0 0 0 0 0 0 0 0 0 0 0 0 0 0 0 0 0 0 0 0 0 0 1 1 0 0 0 0 0 0 1 1 1 1 0 0 0 0 0 0 0 0 1 1 0 0 0 0 0 0 0 0 1 1 0 0 0 0 6 1 0 0 4 1 0 0 0 0 0 0 0 0 | 0.00519374989125
0 0 0 0 4 2 0 0 0 0 0 0 0 0 0 0 0 0 0 0 0 0 6 2 0 0 0 0 0 0 0 0 0 0 0 0 0 0 2 2 1 2 5 1 0 0 0 0 5 2 1 1 0 0 0 0 0 0 0 0 0 0 0 0 0 0 0 0 0 0 0 0 0 0 0 0 0 0 1 1 0 0 0 0 0 0 1 1 1 1 0 0 0 0 0 0 0 0 1 1 0 0 0 0 0 0 0 0 1 1 0 0 0 0 6 1 0 0 4 1 0 0 0 0 0 0 0 0 | 0.016106798047499992
0 0 0 0 4 2 0 0 0 0 0 0 0 0 0 0 0 0 0 0 0 0 6 2 0 0 5 1 0 0 0 0 0 0 0 0 0 0 2 2 1 2 0 0 0 0 0 0 5 2 1 1 0 0 0 0 0 0 0 0 0 0 0 0 0 0 0 0 0 0 0 0 0 0 0 0 0 0 1 1 0 0 0 0 0 0 1 1 1 1 0 0 0 0 0 0 0 0 1 1 0 0 0 0 0 0 0 0 1 1 0 0 0 0 6 1 0 0 4 1 0 0 0 0 0 0 0 0 | 0.009573730103437497
0 0 0 0 4 2 6 2 0 0 0 0 0 0 0 0 0 0 0 0 0 0 0 0 0 0 5 1 0 0 0 0 0 0 0 0 0 0 2 2 1 2 0 0 0 0 0 0 5 2 1 1 0 0 0 0 0 0 0 0 0 0 0 0 0 0 0 0 0 0 0 0 0 0 0 0 0 0 1 1 0 0 0 0 0 0 1 1 1 1 0 0 0 0 0 0 0 0 1 1 0 0 0 0 0 0 0 0 1 1 0 0 0 0 6 1 0 0 4 1 0 0 0 0 0 0 0 0 | 0.011076731603437494
0 0 0 0 4 2 6 2 0 0 0 0 0 0 0 0 0 0 0 0 0 0 0 0 0 0 0 0 0 0 0 0 0 0 0 0 0 0 2 2 5 1 0 0 0 0 0 0 5 2 1 1 0 0 0 0 0 0 0 0 0 0 0 0 0 0 0 0 0 0 0 0 0 0 0 0 0 0 1 1 0 0 0 0 0 0 1 1 1 1 0 0 0 0 0 0 0 0 1 1 0 0 0 0 0 0 0 0 1 1 0 0 0 0 6 1 0 0 4 1 0 0 0 0 0 0 0 0 | 0.010222943035312494
0 0 0 0 0 0 6 2 0 0 0 0 0 0 0 0 0 0 0 0 0 0 0 0 0 0 0 0 0 0 0 0 0 0 0 0 0 0 2 2 5 1 0 0 0 0 0 0 5 2 1 1 4 2 0 0 0 0 0 0 0 0 0 0 0 0 0 0 0 0 0 0 0 0 0 0 0 0 1 1 0 0 0 0 0 0 1 1 1 1 0 0 0 0 0 0 0 0 1 1 0 0 0 0 0 0 0 0 1 1 0 0 0 0 6 1 0 0 4 1 0 0 0 0 0 0 0 0 | 0.030169118868749987
0 0 0 0 0 0 6 2 0 0 0 0 0 0 0 0 0 0 0 0 0 0 0 0 0 0 0 0 0 0 0 0 0 0 0 0 0 0 5 1 0 0 0 0 0 0 0 0 5 2 1 1 4 2 0 0 0 0 0 0 0 0 0 0 0 0 0 0 0 0 0 0 0 0 0 0 0 0 1 1 0 0 0 0 0 0 1 1 1 1 0 0 0 0 0 0 0 0 1 1 0 0 0 0 0 0 0 0 1 1 0 0 0 0 6 1 0 0 4 1 0 0 0 0 0 0 0 0 | 0.030169118868749987
0 0 0 0 0 0 0 0 6 2 0 0 0 0 0 0 0 0 0 0 0 0 0 0 0 0 0 0 0 0 0 0 0 0 0 0 0 0 5 1 0 0 0 0 0 0 0 0 5 2 1 1 4 2 0 0 0 0 0 0 0 0 0 0 0 0 0 0 0 0 0 0 0 0 0 0 0 0 1 1 0 0 0 0 0 0 1 1 1 1 0 0 0 0 0 0 0 0 1 1 0 0 0 0 0 0 0 0 1 1 0 0 0 0 6 1 0 0 4 1 0 0 0 0 0 0 0 0 | 0.05043865446281249
0 0 0 0 0 0 0 0 6 2 0 0 0 0 0 0 0 0 0 0 0 0 0 0 0 0 0 0 0 0 0 0 0 0 0 0 0 0 0 0 0 0 0 0 0 0 0 0 5 2 1 1 5 1 0 0 0 0 0 0 0 0 0 0 0 0 0 0 0 0 0 0 0 0 0 0 0 0 1 1 0 0 0 0 0 0 1 1 1 1 0 0 0 0 0 0 0 0 1 1 0 0 0 0 0 0 0 0 1 1 0 0 0 0 6 1 0 0 4 1 0 0 0 0 0 0 0 0 | 0.05043865446281249
0 0 0 0 0 0 5 2 6 2 0 0 0 0 0 0 0 0 0 0 0 0 0 0 0 0 0 0 0 0 0 0 0 0 0 0 0 0 0 0 0 0 0 0 0 0 0 0 0 0 1 1 5 1 0 0 0 0 0 0 0 0 0 0 0 0 0 0 0 0 0 0 0 0 0 0 0 0 1 1 0 0 0 0 0 0 1 1 1 1 0 0 0 0 0 0 0 0 1 1 0 0 0 0 0 0 0 0 1 1 0 0 0 0 6 1 0 0 4 1 0 0 0 0 0 0 0 0 | 0.05726159523749999
0 0 0 0 0 0 5 2 6 2 0 0 0 0 0 0 0 0 0 0 0 0 0 0 0 0 0 0 0 0 0 0 0 0 0 0 0 0 0 0 0 0 0 0 0 0 0 0 0 0 1 1 0 0 0 0 5 1 0 0 0 0 0 0 0 0 0 0 0 0 0 0 0 0 0 0 0 0 1 1 0 0 0 0 0 0 1 1 1 1 0 0 0 0 0 0 0 0 1 1 0 0 0 0 0 0 0 0 1 1 0 0 0 0 6 1 0 0 4 1 0 0 0 0 0 0 0 0 | 0.0563298702375
0 0 0 0 0 0 5 2 0 0 0 0 0 0 0 0 0 0 0 0 0 0 0 0 0 0 6 2 0 0 0 0 0 0 0 0 0 0 0 0 0 0 0 0 0 0 0 0 0 0 1 1 0 0 0 0 5 1 0 0 0 0 0 0 0 0 0 0 0 0 0 0 0 0 0 0 0 0 1 1 0 0 0 0 0 0 1 1 1 1 0 0 0 0 0 0 0 0 1 1 0 0 0 0 0 0 0 0 1 1 0 0 0 0 6 1 0 0 4 1 0 0 0 0 0 0 0 0 | 0.0577792202375
0 0 0 0 0 0 5 2 0 0 0 0 0 0 0 0 0 0 0 0 0 0 0 0 0 0 6 2 0 0 0 0 0 0 0 0 0 0 0 0 0 0 0 0 0 0 0 0 0 0 1 1 0 0 0 0 5 1 0 0 0 0 0 0 0 0 0 0 0 0 0 0 0 0 0 0 0 0 1 1 0 0 0 0 0 0 1 1 1 1 0 0 0 0 0 0 0 0 1 1 0 0 0 0 0 0 0 0 1 1 0 0 0 0 6 1 0 0 0 0 0 0 4 1 0 0 0 0 | 0.0558243652375
0 0 0 0 0 0 5 2 0 0 0 0 0 0 0 0 0 0 0 0 0 0 0 0 0 0 0 0 0 0 0 0 0 0 0 0 0 0 0 0 0 0 0 0 6 2 0 0 0 0 1 1 0 0 0 0 5 1 0 0 0 0 0 0 0 0 0 0 0 0 0 0 0 0 0 0 0 0 1 1 0 0 0 0 0 0 1 1 1 1 0 0 0 0 0 0 0 0 1 1 0 0 0 0 0 0 0 0 1 1 0 0 0 0 6 1 0 0 0 0 0 0 4 1 0 0 0 0 | 0.05829684523749999
0 0 0 0 0 0 5 2 0 0 0 0 0 0 0 0 0 0 0 0 0 0 0 0 0 0 0 0 0 0 0 0 0 0 0 0 0 0 0 0 0 0 0 0 6 2 0 0 0 0 1 1 0 0 0 0 5 1 0 0 0 0 1 1 0 0 0 0 0 0 0 0 0 0 0 0 0 0 0 0 0 0 0 0 0 0 1 1 1 1 0 0 0 0 0 0 0 0 1 1 0 0 0 0 0 0 0 0 1 1 0 0 0 0 6 1 0 0 0 0 0 0 4 1 0 0 0 0 | 0.056799245643749996
0 0 0 0 0 0 5 2 0 0 0 0 0 0 0 0 0 0 0 0 0 0 0 0 0 0 0 0 0 0 6 2 0 0 0 0 0 0 0 0 0 0 0 0 0 0 0 0 0 0 1 1 0 0 0 0 5 1 0 0 0 0 1 1 0 0 0 0 0 0 0 0 0 0 0 0 0 0 0 0 0 0 0 0 0 0 1 1 1 1 0 0 0 0 0 0 0 0 1 1 0 0 0 0 0 0 0 0 1 1 0 0 0 0 6 1 0 0 0 0 0 0 4 1 0 0 0 0 | 0.058321820643749994
0 0 0 0 0 0 5 2 0 0 0 0 0 0 0 0 0 0 0 0 0 0 0 0 0 0 4 1 0 0 6 2 0 0 0 0 0 0 0 0 0 0 0 0 0 0 0 0 0 0 1 1 0 0 0 0 5 1 0 0 0 0 1 1 0 0 0 0 0 0 0 0 0 0 0 0 0 0 0 0 0 0 0 0 0 0 1 1 1 1 0 0 0 0 0 0 0 0 1 1 0 0 0 0 0 0 0 0 1 1 0 0 0 0 6 1 0 0 0 0 0 0 0 0 0 0 0 0 | 0.057306770643749984
0 0 0 0 0 0 5 2 0 0 0 0 0 0 0 0 0 0 0 0 0 0 0 0 0 0 4 1 0 0 0 0 0 0 0 0 0 0 0 0 0 0 0 0 0 0 6 2 0 0 1 1 0 0 0 0 5 1 0 0 0 0 1 1 0 0 0 0 0 0 0 0 0 0 0 0 0 0 0 0 0 0 0 0 0 0 1 1 1 1 0 0 0 0 0 0 0 0 1 1 0 0 0 0 0 0 0 0 1 1 0 0 0 0 6 1 0 0 0 0 0 0 0 0 0 0 0 0 | 0.058321820643749994
0 0 0 0 0 0 5 2 0 0 0 0 0 0 0 0 0 0 0 0 0 0 0 0 0 0 4 1 0 0 0 0 0 0 0 0 0 0 0 0 0 0 0 0 0 0 6 2 0 0 1 1 0 0 0 0 0 0 0 0 0 0 1 1 0 0 0 0 0 0 0 0 0 0 5 1 0 0 0 0 0 0 0 0 0 0 1 1 1 1 0 0 0 0 0 0 0 0 1 1 0 0 0 0 0 0 0 0 1 1 0 0 0 0 6 1 0 0 0 0 0 0 0 0 0 0 0 0 | 0.05253439111593749
0 0 0 0 0 0 5 2 0 0 0 0 0 0 0 0 0 0 0 0 0 0 0 0 0 0 4 1 0 0 0 0 0 0 0 0 0 0 0 0 0 0 0 0 0 0 0 0 0 0 1 1 0 0 0 0 0 0 0 0 0 0 6 2 0 0 0 0 0 0 0 0 0 0 5 1 0 0 0 0 0 0 0 0 0 0 1 1 1 1 0 0 0 0 0 0 0 0 1 1 0 0 0 0 0 0 0 0 1 1 0 0 0 0 6 1 0 0 0 0 0 0 0 0 0 0 0 0 | 0.05253439111593749
0 0 0 0 0 0 5 2 0 0 0 0 0 0 0 0 0 0 0 0 0 0 0 0 0 0 4 1 0 0 0 0 0 0 0 0 0 0 0 0 0 0 0 0 0 0 0 0 0 0 1 1 0 0 0 0 0 0 0 0 0 0 6 2 0 0 0 0 0 0 0 0 0 0 5 1 1 1 0 0 0 0 0 0 0 0 1 1 1 1 0 0 0 0 0 0 0 0 1 1 0 0 0 0 0 0 0 0 0 0 0 0 0 0 6 1 0 0 0 0 0 0 0 0 0 0 0 0 | 0.05176206673218747
0 0 0 0 0 0 5 2 0 0 0 0 0 0 0 0 0 0 0 0 0 0 0 0 0 0 4 1 0 0 0 0 0 0 0 0 0 0 0 0 0 0 0 0 6 2 0 0 0 0 1 1 0 0 0 0 0 0 0 0 0 0 0 0 0 0 0 0 0 0 0 0 0 0 5 1 1 1 0 0 0 0 0 0 0 0 1 1 1 1 0 0 0 0 0 0 0 0 1 1 0 0 0 0 0 0 0 0 0 0 0 0 0 0 6 1 0 0 0 0 0 0 0 0 0 0 0 0 | 1.0
0 0 0 0 0 0 5 2 0 0 0 0 0 0 0 0 0 0 0 0 0 0 0 0 0 0 4 1 0 0 0 0 0 0 0 0 0 0 0 0 0 0 0 0 6 2 0 0 0 0 1 1 0 0 0 0 0 0 5 1 0 0 0 0 0 0 0 0 0 0 0 0 0 0 0 0 1 1 0 0 0 0 0 0 0 0 1 1 1 1 0 0 0 0 0 0 0 0 1 1 0 0 0 0 0 0 0 0 0 0 0 0 0 0 6 1 0 0 0 0 0 0 0 0 0 0 0 0 | 1.0
0 0 0 0 0 0 5 2 0 0 0 0 0 0 0 0 0 0 0 0 0 0 0 0 0 0 4 1 0 0 0 0 0 0 0 0 0 0 0 0 0 0 0 0 0 0 6 2 0 0 1 1 0 0 0 0 0 0 5 1 0 0 0 0 0 0 0 0 0 0 0 0 0 0 0 0 1 1 0 0 0 0 0 0 0 0 1 1 1 1 0 0 0 0 0 0 0 0 1 1 0 0 0 0 0 0 0 0 0 0 0 0 0 0 6 1 0 0 0 0 0 0 0 0 0 0 0 0 | 1.0
0 0 0 0 0 0 5 2 0 0 0 0 0 0 0 0 0 0 0 0 0 0 0 0 0 0 0 0 0 0 4 1 0 0 0 0 0 0 0 0 0 0 0 0 0 0 6 2 0 0 1 1 0 0 0 0 0 0 5 1 0 0 0 0 0 0 0 0 0 0 0 0 0 0 0 0 1 1 0 0 0 0 0 0 0 0 1 1 1 1 0 0 0 0 0 0 0 0 1 1 0 0 0 0 0 0 0 0 0 0 0 0 0 0 6 1 0 0 0 0 0 0 0 0 0 0 0 0 | 1.0
4 2 0 0 2 2 5 2 6 2 2 2 3 2 4 2 1 2 1 2 1 2 1 2 1 2 1 2 1 2 1 2 0 0 0 0 3 2 0 0 0 0 0 0 0 0 0 0 0 0 0 0 0 0 0 0 0 0 0 0 0 0 0 0 0 0 0 0 0 0 0 0 1 1 0 0 0 0 0 0 0 0 0 0 0 0 0 0 0 0 0 0 0 0 0 0 1 1 1 1 1 1 1 1 0 0 1 1 1 1 1 1 4 1 3 1 2 1 5 1 6 1 2 1 3 1 4 1 | 0.000287212868750003
4 2 0 0 2 2 5 2 6 2 2 2 0 0 4 2 1 2 1 2 1 2 1 2 1 2 1 2 1 2 1 2 0 0 0 0 3 2 0 0 0 0 3 2 0 0 0 0 0 0 0 0 0 0 0 0 0 0 0 0 0 0 0 0 0 0 0 0 2 1 0 0 1 1 0 0 0 0 0 0 0 0 0 0 0 0 0 0 0 0 0 0 0 0 0 0 1 1 1 1 1 1 1 1 0 0 1 1 1 1 1 1 4 1 3 1 2 1 5 1 6 1 0 0 3 1 4 1 | 0.0034209979618750118
4 2 0 0 2 2 5 2 6 2 2 2 0 0 4 2 1 2 1 2 1 2 1 2 1 2 1 2 1 2 1 2 0 0 0 0 0 0 0 0 0 0 3 2 0 0 0 0 0 0 0 0 0 0 0 0 3 2 0 0 0 0 0 0 0 0 0 0 2 1 0 0 1 1 0 0 0 0 0 0 0 0 0 0 0 0 0 0 0 0 5 1 0 0 0 0 1 1 1 1 1 1 1 1 0 0 1 1 1 1 1 1 4 1 3 1 2 1 0 0 6 1 0 0 3 1 4 1 | 0.014317562974999969
4 2 0 0 2 2 5 2 6 2 2 2 0 0 4 2 1 2 1 2 1 2 1 2 1 2 1 2 1 2 1 2 0 0 0 0 0 0 0 0 0 0 3 2 0 0 0 0 0 0 0 0 0 0 0 0 0 0 5 1 0 0 0 0 0 0 0 0 3 2 0 0 1 1 0 0 0 0 0 0 0 0 0 0 0 0 0 0 0 0 0 0 0 0 0 0 1 1 1 1 1 1 1 1 0 0 1 1 1 1 1 1 4 1 3 1 2 1 0 0 6 1 0 0 3 1 4 1 | -0.00028249091874999626
4 2 0 0 2 2 5 2 6 2 2 2 0 0 4 2 1 2 1 2 1 2 1 2 1 2 1 2 1 2 1 2 0 0 0 0 3 2 0 0 0 0 3 2 0 0 0 0 0 0 0 0 0 0 0 0 0 0 0 0 0 0 0 0 0 0 0 0 0 0 1 1 1 1 0 0 0 0 0 0 0 0 0 0 0 0 0 0 0 0 0 0 0 0 0 0 1 1 1 1 1 1 0 0 0 0 1 1 1 1 1 1 4 1 3 1 2 1 5 1 6 1 2 1 3 1 4 1 | 0.0005398297375000226
0 0 4 2 2 2 5 2 6 2 2 2 0 0 4 2 1 2 1 2 1 2 1 2 1 2 1 2 1 2 1 2 0 0 0 0 3 2 0 0 0 0 3 2 0 0 0 0 0 0 0 0 0 0 0 0 0 0 0 0 0 0 0 0 0 0 0 0 0 0 1 1 1 1 0 0 0 0 0 0 0 0 0 0 3 1 0 0 0 0 0 0 0 0 0 0 1 1 1 1 1 1 0 0 0 0 1 1 1 1 1 1 4 1 0 0 2 1 5 1 6 1 2 1 3 1 4 1 | 0.0009338397375000177
0 0 4 2 2 2 5 2 6 2 2 2 3 2 4 2 1 2 1 2 1 2 1 2 1 2 1 2 1 2 1 2 0 0 0 0 3 2 0 0 0 0 0 0 0 0 0 0 0 0 0 0 0 0 0 0 1 1 0 0 0 0 0 0 0 0 0 0 0 0 1 1 0 0 0 0 0 0 0 0 0 0 0 0 3 1 0 0 0 0 0 0 0 0 0 0 1 1 1 1 1 1 0 0 0 0 1 1 1 1 1 1 4 1 0 0 2 1 5 1 6 1 2 1 3 1 4 1 | 0.001816773503124996
0 0 4 2 2 2 5 2 6 2 2 2 3 2 4 2 1 2 1 2 1 2 1 2 1 2 1 2 1 2 1 2 0 0 0 0 0 0 0 0 0 0 0 0 0 0 0 0 0 0 0 0 0 0 1 1 3 2 0 0 0 0 0 0 0 0 0 0 0 0 0 0 0 0 0 0 0 0 0 0 0 0 0 0 3 1 0 0 0 0 0 0 0 0 0 0 1 1 1 1 1 1 0 0 0 0 1 1 1 1 1 1 4 1 0 0 2 1 5 1 6 1 2 1 3 1 4 1 | -0.0028195513531249937
0 0 4 2 2 2 5 2 6 2 2 2 3 2 4 2 1 2 1 2 1 2 1 2 1 2 1 2 1 2 1 2 0 0 0 0 0 0 0 0 0 0 0 0 0 0 0 0 0 0 0 0 0 0 1 1 0 0 0 0 0 0 0 0 0 0 0 0 0 0 0 0 0 0 0 0 0 0 0 0 0 0 0 0 3 1 0 0 0 0 3 2 0 0 0 0 1 1 1 1 1 1 0 0 0 0 1 1 1 1 1 1 4 1 0 0 2 1 5 1 6 1 2 1 0 0 4 1 | -0.0031522209125000246
0 0 4 2 2 2 5 2 6 2 2 2 3 2 4 2 1 2 1 2 1 2 1 2 0 0 1 2 1 2 1 2 0 0 0 0 0 0 0 0 0 0 0 0 0 0 0 0 0 0 0 0 0 0 1 1 1 2 0 0 0 0 0 0 0 0 0 0 0 0 0 0 0 0 0 0 0 0 0 0 0 0 0 0 3 1 0 0 0 0 5 1 0 0 0 0 1 1 1 1 1 1 0 0 0 0 1 1 1 1 1 1 4 1 0 0 2 1 0 0 6 1 2 1 0 0 4 1 | 0.00036528090187496544
0 0 4 2 2 2 5 2 6 2 2 2 3 2 4 2 1 2 1 2 1 2 0 0 0 0 1 2 1 2 1 2 0 0 0 0 0 0 0 0 1 2 0 0 0 0 0 0 0 0 0 0 0 0 0 0 0 0 0 0 0 0 0 0 0 0 0 0 0 0 0 0 0 0 0 0 0 0 0 0 0 0 0 0 3 1 0 0 0 0 5 1 0 0 0 0 1 1 1 1 1 1 0 0 0 0 1 1 1 1 1 1 4 1 0 0 2 1 0 0 6 1 2 1 0 0 4 1 | 0.00021923177312497335
0 0 4 2 2 2 0 0 6 2 2 2 3 2 4 2 1 2 1 2 1 2 0 0 0 0 1 2 1 2 1 2 0 0 0 0 0 0 0 0 1 2 0 0 0 0 0 0 0 0 0 0 0 0 0 0 0 0 0 0 0 0 0 0 0 0 0 0 0 0 5 2 0 0 0 0 0 0 0 0 0 0 0 0 3 1 2 1 0 0 5 1 0 0 0 0 1 1 1 1 1 1 0 0 0 0 1 1 1 1 1 1 4 1 0 0 2 1 0 0 6 1 0 0 0 0 4 1 | -0.0015897412268749758
0 0 4 2 2 2 0 0 6 2 0 0 3 2 4 2 1 2 1 2 1 2 0 0 0 0 1 2 1 2 1 2 0 0 0 0 0 0 2 2 1 2 0 0 0 0 0 0 0 0 0 0 0 0 0 0 0 0 0 0 0 0 0 0 0 0 0 0 0 0 5 2 0 0 0 0 0 0 0 0 0 0 0 0 3 1 2 1 0 0 5 1 0 0 0 0 1 1 1 1 1 1 0 0 0 0 1 1 1 1 1 1 4 1 0 0 2 1 0 0 0 0 4 1 6 1 0 0 | -0.0015309957268749962
0 0 4 2 2 2 0 0 6 2 0 0 3 2 4 2 1 2 1 2 1 2 0 0 0 0 1 2 1 2 1 2 0 0 0 0 0 0 2 2 1 2 0 0 0 0 0 0 0 0 0 0 0 0 0 0 5 2 0 0 0 0 0 0 0 0 0 0 0 0 0 0 0 0 0 0 0 0 0 0 0 0 0 0 3 1 2 1 2 1 5 1 0 0 0 0 1 1 1 1 1 1 0 0 0 0 1 1 1 1 1 1 4 1 0 0 0 0 0 0 0 0 4 1 6 1 0 0 | -0.0006527262268750124
0 0 4 2 2 2 0 0 6 2 0 0 3 2 4 2 1 2 1 2 1 2 0 0 0 0 1 2 1 2 1 2 0 0 0 0 0 0 2 2 1 2 0 0 0 0 0 0 0 0 0 0 0 0 0 0 0 0 0 0 0 0 0 0 0 0 0 0 0 0 5 2 0 0 2 1 0 0 0 0 0 0 0 0 3 1 2 1 0 0 5 1 0 0 0 0 1 1 1 1 1 1 0 0 0 0 1 1 1 1 1 1 4 1 0 0 0 0 0 0 0 0 4 1 6 1 0 0 | 0.010601216598437466
0 0 4 2 2 2 0 0 6 2 0 0 3 2 4 2 1 2 1 2 0 0 0 0 0 0 1 2 1 2 1 2 0 0 0 0 0 0 1 2 1 2 0 0 0 0 0 0 0 0 0 0 0 0 0 0 0 0 0 0 0 0 0 0 0 0 0 0 0 0 5 2 0 0 0 0 0 0 0 0 0 0 0 0 3 1 2 1 0 0 5 1 0 0 0 0 1 1 1 1 1 1 0 0 0 0 1 1 1 1 1 1 4 1 0 0 0 0 0 0 0 0 4 1 6 1 0 0 | -0.0008719151012500086
0 0 4 2 2 2 0 0 6 2 0 0 3 2 4 2 1 2 1 2 0 0 0 0 0 0 1 2 1 2 1 2 0 0 0 0 0 0 1 2 1 2 0 0 0 0 0 0 0 0 3 1 0 0 0 0 0 0 0 0 0 0 0 0 0 0 0 0 0 0 0 0 0 0 0 0 0 0 0 0 0 0 0 0 0 0 2 1 0 0 5 1 0 0 0 0 1 1 5 2 1 1 0 0 0 0 1 1 1 1 1 1 4 1 0 0 0 0 0 0 0 0 4 1 6 1 0 0 | -0.0005297670131250269
0 0 4 2 2 2 0 0 0 0 0 0 3 2 4 2 1 2 1 2 3 1 6 2 0 0 1 2 1 2 1 2 0 0 0 0 0 0 1 2 1 2 0 0 0 0 0 0 0 0 0 0 0 0 0 0 0 0 0 0 0 0 0 0 0 0 0 0 0 0 0 0 0 0 0 0 0 0 0 0 0 0 0 0 0 0 2 1 0 0 5 1 0 0 0 0 1 1 5 2 1 1 0 0 0 0 1 1 1 1 1 1 4 1 0 0 0 0 0 0 0 0 4 1 6 1 0 0 | -0.0005297670131250269
0 0 4 2 2 2 0 0 0 0 0 0 3 2 4 2 1 2 1 2 3 1 6 2 0 0 1 2 1 2 1 2 0 0 0 0 0 0 1 2 1 2 0 0 0 0 0 0 0 0 0 0 0 0 0 0 0 0 0 0 0 0 0 0 0 0 0 0 0 0 0 0 0 0 0 0 0 0 0 0 0 0 0 0 0 0 2 1 0 0 5 1 0 0 0 0 5 2 0 0 1 1 0 0 0 0 1 1 1 1 1 1 0 0 4 1 0 0 0 0 0 0 4 1 6 1 0 0 | -0.00369166092625003
0 0 4 2 2 2 0 0 0 0 0 0 3 2 4 2 1 2 1 2 6 2 0 0 0 0 1 2 1 2 1 2 0 0 0 0 0 0 1 2 1 2 0 0 0 0 0 0 0 0 0 0 0 0 0 0 0 0 0 0 0 0 0 0 0 0 0 0 0 0 0 0 2 1 0 0 0 0 0 0 0 0 0 0 0 0 0 0 0 0 5 1 0 0 0 0 5 2 0 0 1 1 0 0 0 0 1 1 1 1 1 1 0 0 4 1 0 0 0 0 0 0 4 1 6 1 0 0 | -0.01840095474874999
0 0 4 2 0 0 0 0 0 0 0 0 3 2 4 2 1 2 2 2 6 2 0 0 0 0 1 2 1 2 1 2 0 0 0 0 0 0 1 2 1 2 0 0 0 0 0 0 0 0 0 0 0 0 0 0 0 0 0 0 0 0 0 0 0 0 0 0 0 0 0 0 0 0 0 0 0 0 0 0 0 0 0 0 0 0 0 0 0 0 5 1 0 0 0 0 5 2 0 0 1 1 0 0 0 0 1 1 1 1 1 1 0 0 4 1 0 0 0 0 0 0 4 1 6 1 0 0 | -0.01971084020749998
0 0 0 0 0 0 0 0 0 0 0 0 3 2 4 2 1 2 4 2 6 2 0 0 0 0 1 2 1 2 1 2 0 0 0 0 0 0 1 2 1 2 0 0 0 0 0 0 0 0 0 0 0 0 0 0 0 0 0 0 0 0 0 0 0 0 0 0 0 0 0 0 0 0 0 0 0 0 0 0 0 0 0 0 0 0 0 0 0 0 5 1 0 0 0 0 5 2 0 0 1 1 0 0 0 0 1 1 1 1 1 1 0 0 0 0 0 0 0 0 0 0 4 1 6 1 0 0 | -0.022189275638749995
0 0 0 0 0 0 0 0 0 0 0 0 3 2 4 2 1 2 4 2 0 0 0 0 0 0 1 2 1 2 1 2 0 0 6 2 0 0 1 2 1 2 0 0 0 0 0 0 0 0 0 0 0 0 0 0 0 0 0 0 0 0 0 0 0 0 0 0 0 0 0 0 0 0 0 0 0 0 0 0 0 0 0 0 5 1 0 0 0 0 0 0 0 0 0 0 5 2 0 0 1 1 0 0 0 0 1 1 1 1 1 1 0 0 0 0 0 0 0 0 0 0 4 1 6 1 0 0 | -0.041545129259374994
0 0 0 0 0 0 0 0 0 0 0 0 3 2 4 2 1 2 4 2 0 0 0 0 0 0 1 2 5 1 1 2 0 0 6 2 0 0 1 2 1 2 0 0 0 0 0 0 0 0 0 0 0 0 0 0 0 0 0 0 0 0 0 0 0 0 0 0 0 0 0 0 0 0 0 0 0 0 0 0 0 0 0 0 0 0 0 0 0 0 0 0 0 0 0 0 0 0 0 0 5 2 0 0 0 0 1 1 1 1 1 1 0 0 0 0 0 0 0 0 0 0 4 1 6 1 0 0 | -0.02683204187499998
0 0 0 0 0 0 0 0 0 0 0 0 0 0 5 1 1 2 4 2 0 0 0 0 3 2 1 2 0 0 1 2 0 0 6 2 0 0 1 2 1 2 0 0 0 0 0 0 0 0 0 0 0 0 0 0 0 0 0 0 0 0 0 0 0 0 0 0 0 0 0 0 0 0 0 0 0 0 0 0 0 0 0 0 0 0 0 0 0 0 0 0 0 0 0 0 0 0 0 0 5 2 0 0 0 0 1 1 1 1 1 1 0 0 0 0 0 0 0 0 0 0 4 1 6 1 0 0 | -0.022274129064687488
0 0 0 0 0 0 0 0 0 0 0 0 0 0 0 0 1 2 4 2 0 0 0 0 3 2 1 2 0 0 5 2 0 0 6 2 0 0 1 2 1 2 0 0 0 0 0 0 0 0 0 0 0 0 0 0 0 0 0 0 0 0 0 0 0 0 0 0 0 0 0 0 0 0 0 0 0 0 0 0 0 0 0 0 0 0 0 0 0 0 0 0 0 0 0 0 0 0 0 0 0 0 0 0 0 0 1 1 1 1 1 1 0 0 0 0 0 0 0 0 0 0 4 1 6 1 0 0 | -0.06339770220937499
0 0 0 0 0 0 0 0 0 0 0 0 0 0 0 0 1 2 4 2 0 0 0 0 3 2 1 2 0 0 0 0 0 0 6 2 0 0 1 2 1 2 0 0 0 0 0 0 0 0 0 0 0 0 0 0 0 0 0 0 0 0 0 0 0 0 0 0 0 0 0 0 0 0 0 0 0 0 0 0 0 0 0 0 0 0 0 0 0 0 0 0 0 0 0 0 0 0 0 0 0 0 0 0 0 0 1 1 1 1 1 1 0 0 5 2 0 0 0 0 0 0 0 0 6 1 0 0 | -1.0
4 2 0 0 2 2 5 2 6 2 2 2 0 0 4 2 1 2 1 2 1 2 1 2 1 2 1 2 1 2 1 2 0 0 0 0 3 2 0 0 0 0 0 0 0 0 0 0 0 0 0 0 0 0 0 0 0 0 0 0 0 0 0 0 0 0 0 0 0 0 1 1 3 2 0 0 0 0 0 0 0 0 0 0 0 0 0 0 0 0 3 1 0 0 0 0 1 1 1 1 1 1 0 0 0 0 1 1 1 1 1 1 4 1 3 1 2 1 5 1 6 1 2 1 0 0 4 1 | -0.004126683884374977
4 2 0 0 2 2 5 2 6 2 2 2 0 0 4 2 1 2 1 2 1 2 1 2 1 2 1 2 1 2 1 2 0 0 0 0 3 2 0 0 0 0 0 0 0 0 0 0 0 0 0 0 0 0 0 0 0 0 0 0 0 0 0 0 0 0 0 0 0 0 1 1 0 0 0 0 0 0 0 0 0 0 0 0 3 2 0 0 0 0 3 1 0 0 0 0 1 1 1 1 1 1 0 0 0 0 1 1 1 1 1 1 4 1 0 0 2 1 5 1 6 1 2 1 0 0 4 1 | -0.004274115972499971
0 0 4 2 2 2 5 2 6 2 2 2 0 0 4 2 1 2 1 2 1 2 1 2 1 2 1 2 1 2 1 2 0 0 0 0 3 2 0 0 0 0 0 0 0 0 0 0 0 0 0 0 0 0 0 0 0 0 0 0 0 0 0 0 0 0 0 0 0 0 1 1 0 0 0 0 0 0 0 0 0 0 0 0 1 1 0 0 0 0 3 1 0 0 0 0 1 1 0 0 1 1 0 0 0 0 1 1 1 1 1 1 4 1 0 0 2 1 5 1 6 1 2 1 0 0 4 1 | -0.002955215972499993
0 0 4 2 2 2 5 2 6 2 2 2 0 0 4 2 1 2 1 2 1 2 1 2 1 2 1 2 1 2 1 2 0 0 0 0 0 0 0 0 0 0 0 0 0 0 0 0 3 2 2 1 0 0 0 0 0 0 0 0 0 0 0 0 0 0 0 0 0 0 1 1 0 0 0 0 0 0 0 0 0 0 0 0 1 1 0 0 0 0 3 1 0 0 0 0 1 1 0 0 1 1 0 0 0 0 1 1 1 1 1 1 4 1 0 0 2 1 5 1 6 1 0 0 0 0 4 1 | 0.0008688556668750007
0 0 4 2 2 2 5 2 6 2 2 2 4 2 0 0 1 2 1 2 1 2 1 2 1 2 1 2 1 2 1 2 0 0 0 0 0 0 0 0 0 0 0 0 0 0 0 0 3 2 2 1 0 0 0 0 0 0 0 0 0 0 0 0 0 0 0 0 0 0 1 1 0 0 0 0 0 0 0 0 0 0 0 0 1 1 0 0 0 0 3 1 0 0 0 0 1 1 0 0 1 1 0 0 0 0 1 1 1 1 1 1 4 1 0 0 2 1 5 1 0 0 4 1 6 1 0 0 | 0.0013363981668750083
0 0 4 2 2 2 5 2 6 2 2 2 4 2 0 0 1 2 1 2 0 0 1 2 1 2 1 2 1 2 1 2 0 0 0 0 0 0 0 0 0 0 0 0 0 0 0 0 3 2 2 1 1 2 0 0 0 0 0 0 0 0 0 0 0 0 0 0 0 0 1 1 0 0 0 0 0 0 0 0 0 0 0 0 1 1 0 0 0 0 3 1 0 0 0 0 1 1 0 0 1 1 0 0 0 0 1 1 1 1 1 1 4 1 0 0 2 1 5 1 4 1 0 0 6 1 0 0 | 0.002062204603125
4 2 0 0 2 2 5 2 6 2 2 2 4 2 0 0 1 2 1 2 0 0 1 2 1 2 1 2 1 2 1 2 0 0 0 0 0 0 0 0 0 0 0 0 0 0 0 0 3 2 2 1 1 2 0 0 0 0 0 0 0 0 0 0 0 0 0 0 0 0 1 1 0 0 2 1 0 0 0 0 0 0 0 0 1 1 0 0 0 0 3 1 0 0 0 0 1 1 0 0 1 1 0 0 0 0 1 1 1 1 1 1 4 1 0 0 0 0 5 1 4 1 0 0 6 1 0 0 | 0.003406207603124991
4 2 0 0 2 2 5 2 6 2 2 2 4 2 0 0 1 2 1 2 0 0 1 2 1 2 0 0 1 2 1 2 0 0 0 0 0 0 0 0 0 0 0 0 0 0 0 0 3 2 2 1 1 1 0 0 0 0 1 2 0 0 0 0 0 0 0 0 0 0 0 0 0 0 2 1 0 0 0 0 0 0 0 0 1 1 0 0 0 0 3 1 0 0 0 0 1 1 0 0 1 1 0 0 0 0 1 1 1 1 1 1 4 1 0 0 0 0 5 1 4 1 0 0 6 1 0 0 | 0.008380314696874957
0 0 4 2 2 2 5 2 6 2 2 2 4 2 0 0 1 2 1 2 0 0 1 2 1 2 0 0 1 2 1 2 0 0 0 0 0 0 0 0 0 0 0 0 0 0 0 0 3 2 2 1 1 1 0 0 3 1 1 2 0 0 0 0 0 0 0 0 0 0 0 0 0 0 2 1 0 0 0 0 0 0 0 0 1 1 0 0 0 0 0 0 0 0 0 0 1 1 0 0 1 1 0 0 0 0 1 1 1 1 1 1 4 1 0 0 0 0 5 1 4 1 0 0 6 1 0 0 | 0.008503019696874982
0 0 4 2 2 2 5 2 6 2 2 2 4 2 0 0 1 2 1 2 0 0 1 2 1 2 0 0 0 0 1 2 0 0 0 0 0 0 0 0 0 0 0 0 1 2 0 0 3 2 2 1 1 1 0 0 3 1 1 2 0 0 5 1 0 0 0 0 0 0 0 0 0 0 2 1 0 0 0 0 0 0 0 0 1 1 0 0 0 0 0 0 0 0 0 0 1 1 0 0 1 1 0 0 0 0 1 1 1 1 1 1 4 1 0 0 0 0 0 0 4 1 0 0 6 1 0 0 | 0.009427553978124996
0 0 4 2 2 2 5 2 6 2 2 2 0 0 0 0 1 2 1 2 0 0 1 2 1 2 0 0 4 2 1 2 0 0 0 0 0 0 0 0 0 0 0 0 1 2 0 0 3 2 2 1 1 1 0 0 3 1 1 2 5 1 0 0 0 0 0 0 0 0 0 0 0 0 2 1 0 0 0 0 0 0 0 0 1 1 0 0 0 0 0 0 0 0 0 0 1 1 0 0 1 1 0 0 0 0 1 1 1 1 1 1 4 1 0 0 0 0 0 0 4 1 0 0 6 1 0 0 | 0.008949828978124989
0 0 4 2 2 2 5 2 6 2 2 2 0 0 0 0 1 2 1 2 0 0 1 2 1 2 0 0 4 2 1 2 0 0 0 0 3 2 0 0 0 0 0 0 1 2 0 0 0 0 2 1 1 1 0 0 0 0 1 2 5 1 0 0 0 0 0 0 0 0 0 0 0 0 2 1 0 0 0 0 0 0 0 0 1 1 0 0 0 0 0 0 0 0 0 0 1 1 0 0 1 1 0 0 0 0 1 1 1 1 1 1 4 1 0 0 0 0 0 0 4 1 0 0 6 1 0 0 | 0.009541032111874983
0 0 3 2 2 2 5 2 6 2 2 2 0 0 0 0 1 2 1 2 0 0 1 2 1 2 0 0 4 2 1 2 0 0 0 0 0 0 0 0 0 0 0 0 1 2 0 0 0 0 2 1 1 1 0 0 0 0 1 2 5 1 0 0 0 0 0 0 0 0 0 0 0 0 0 0 0 0 0 0 0 0 0 0 1 1 0 0 0 0 0 0 0 0 0 0 1 1 0 0 1 1 0 0 0 0 1 1 1 1 1 1 4 1 0 0 0 0 0 0 4 1 0 0 6 1 0 0 | 0.002312710259062479
0 0 3 2 2 2 5 2 6 2 2 2 0 0 0 0 1 2 1 2 0 0 1 2 1 2 4 2 0 0 1 2 0 0 0 0 0 0 0 0 0 0 0 0 1 2 0 0 0 0 2 1 1 1 0 0 0 0 1 2 5 1 0 0 0 0 0 0 0 0 0 0 0 0 0 0 0 0 0 0 0 0 0 0 1 1 0 0 0 0 0 0 0 0 0 0 1 1 0 0 1 1 0 0 0 0 1 1 1 1 1 1 0 0 0 0 0 0 4 1 4 1 0 0 6 1 0 0 | 0.003249565259062491
0 0 3 2 2 2 5 2 6 2 2 2 0 0 0 0 1 2 1 2 0 0 0 0 1 2 4 2 0 0 1 2 0 0 0 0 0 0 0 0 0 0 0 0 1 2 0 0 0 0 0 0 1 1 1 2 0 0 1 2 5 1 0 0 0 0 0 0 2 1 0 0 0 0 0 0 0 0 0 0 0 0 0 0 1 1 0 0 0 0 0 0 0 0 0 0 1 1 0 0 1 1 0 0 0 0 1 1 1 1 1 1 0 0 0 0 0 0 4 1 4 1 0 0 6 1 0 0 | 0.004006725584062496
0 0 3 2 2 2 0 0 6 2 2 2 0 0 0 0 1 2 1 2 5 2 0 0 1 2 4 2 0 0 1 2 0 0 0 0 0 0 0 0 0 0 0 0 1 2 0 0 0 0 0 0 1 1 4 1 0 0 1 2 5 1 0 0 0 0 0 0 2 1 0 0 0 0 0 0 0 0 0 0 0 0 0 0 1 1 0 0 0 0 0 0 0 0 0 0 1 1 0 0 1 1 0 0 0 0 1 1 1 1 1 1 0 0 0 0 0 0 0 0 4 1 0 0 6 1 0 0 | 0.009825463602500022
0 0 3 2 2 2 0 0 6 2 2 2 0 0 0 0 1 2 1 2 0 0 0 0 1 2 4 2 0 0 1 2 0 0 0 0 5 2 0 0 0 0 0 0 1 2 0 0 0 0 0 0 1 1 4 1 4 1 1 2 5 1 0 0 0 0 0 0 2 1 0 0 0 0 0 0 0 0 0 0 0 0 0 0 1 1 0 0 0 0 0 0 0 0 0 0 1 1 0 0 1 1 0 0 0 0 1 1 1 1 1 1 0 0 0 0 0 0 0 0 0 0 0 0 6 1 0 0 | 0.010447069602500008
0 0 3 2 2 2 0 0 6 2 2 2 0 0 0 0 1 2 1 2 0 0 0 0 1 2 4 2 0 0 1 2 0 0 0 0 5 2 0 0 0 0 0 0 0 0 0 0 0 0 0 0 1 1 4 1 0 0 1 2 5 1 0 0 0 0 0 0 2 1 0 0 0 0 0 0 0 0 0 0 0 0 0 0 1 1 0 0 0 0 0 0 0 0 0 0 1 1 0 0 1 1 0 0 0 0 1 1 1 1 1 1 0 0 0 0 0 0 0 0 0 0 0 0 6 1 0 0 | -0.010683788326249992
0 0 3 2 0 0 0 0 6 2 2 2 0 0 0 0 1 2 1 2 0 0 0 0 1 2 4 2 0 0 1 2 0 0 0 0 5 2 0 0 0 0 0 0 0 0 0 0 0 0 0 0 1 1 0 0 0 0 2 2 5 1 0 0 0 0 0 0 2 1 0 0 0 0 0 0 0 0 0 0 0 0 0 0 1 1 0 0 0 0 0 0 0 0 0 0 1 1 0 0 1 1 0 0 0 0 1 1 1 1 1 1 0 0 0 0 0 0 0 0 0 0 0 0 6 1 0 0 | -0.014731528835624985
0 0 3 2 0 0 0 0 6 2 2 2 5 1 0 0 1 2 1 2 0 0 0 0 1 2 0 0 0 0 1 2 0 0 0 0 5 2 0 0 0 0 4 2 0 0 0 0 0 0 0 0 1 1 0 0 0 0 2 2 0 0 0 0 0 0 0 0 2 1 0 0 0 0 0 0 0 0 0 0 0 0 0 0 1 1 0 0 0 0 0 0 0 0 0 0 1 1 0 0 1 1 0 0 0 0 1 1 1 1 1 1 0 0 0 0 0 0 0 0 0 0 0 0 6 1 0 0 | -0.026545691733749977
0 0 3 2 0 0 0 0 6 2 2 2 5 1 0 0 1 2 1 2 0 0 0 0 1 2 0 0 0 0 1 2 0 0 0 0 0 0 0 0 0 0 4 2 0 0 0 0 0 0 0 0 5 2 2 1 0 0 2 2 0 0 0 0 0 0 0 0 0 0 0 0 0 0 0 0 0 0 0 0 0 0 0 0 1 1 0 0 0 0 0 0 0 0 0 0 1 1 0 0 1 1 0 0 0 0 1 1 1 1 1 1 0 0 0 0 0 0 0 0 0 0 0 0 6 1 0 0 | -0.03221286062999998
0 0 3 2 0 0 0 0 6 2 2 2 5 1 0 0 1 2 2 1 0 0 0 0 1 2 0 0 0 0 1 2 0 0 0 0 0 0 0 0 0 0 4 2 0 0 0 0 0 0 0 0 5 2 0 0 0 0 0 0 0 0 0 0 0 0 0 0 0 0 0 0 0 0 0 0 0 0 0 0 0 0 0 0 1 1 0 0 0 0 0 0 0 0 0 0 1 1 0 0 2 2 0 0 0 0 1 1 1 1 1 1 0 0 0 0 0 0 0 0 0 0 0 0 6 1 0 0 | -0.032975080661249996
0 0 3 2 0 0 0 0 6 2 2 2 0 0 0 0 1 2 2 1 0 0 0 0 1 2 0 0 0 0 1 2 0 0 0 0 0 0 0 0 0 0 4 2 0 0 0 0 0 0 0 0 0 0 0 0 0 0 0 0 0 0 0 0 0 0 0 0 0 0 0 0 0 0 0 0 5 1 0 0 0 0 0 0 1 1 0 0 0 0 0 0 0 0 0 0 1 1 0 0 2 2 0 0 0 0 5 2 1 1 1 1 0 0 0 0 0 0 0 0 0 0 0 0 6 1 0 0 | -0.04859799325968747
0 0 3 2 0 0 0 0 6 2 2 2 0 0 0 0 1 2 2 1 0 0 0 0 1 2 0 0 0 0 1 2 0 0 0 0 0 0 0 0 0 0 4 2 0 0 0 0 0 0 0 0 0 0 0 0 0 0 0 0 0 0 0 0 0 0 0 0 0 0 0 0 0 0 0 0 5 1 0 0 0 0 0 0 1 1 0 0 0 0 0 0 0 0 0 0 1 1 0 0 2 2 0 0 0 0 0 0 1 1 1 1 0 0 0 0 0 0 0 0 5 2 0 0 0 0 6 1 | -1.0
4 2 0 0 2 2 5 2 6 2 2 2 0 0 4 2 1 2 1 2 1 2 1 2 1 2 1 2 1 2 1 2 0 0 0 0 3 2 0 0 0 0 0 0 0 0 0 0 0 0 0 0 0 0 3 2 1 1 0 0 0 0 0 0 0 0 0 0 0 0 1 1 0 0 0 0 0 0 0 0 0 0 0 0 0 0 0 0 0 0 0 0 0 0 0 0 1 1 1 1 1 1 0 0 0 0 1 1 1 1 1 1 4 1 3 1 2 1 5 1 6 1 2 1 3 1 4 1 | -2.0177996874998958e-05
4 2 0 0 2 2 5 2 6 2 2 2 0 0 4 2 1 2 1 2 1 2 1 2 1 2 1 2 1 2 1 2 0 0 0 0 3 2 0 0 0 0 0 0 0 0 0 0 0 0 0 0 0 0 0 0 1 1 0 0 0 0 0 0 0 0 3 2 1 1 1 1 0 0 0 0 0 0 0 0 0 0 0 0 0 0 0 0 0 0 0 0 0 0 0 0 1 1 1 1 0 0 0 0 0 0 1 1 1 1 1 1 4 1 3 1 2 1 5 1 6 1 2 1 3 1 4 1 | 0.00080721777687498
4 2 0 0 2 2 5 2 6 2 2 2 0 0 4 2 1 2 1 2 1 2 1 2 1 2 1 2 1 2 1 2 0 0 0 0 0 0 0 0 0 0 0 0 0 0 0 0 0 0 0 0 0 0 1 1 3 2 0 0 0 0 0 0 0 0 3 2 1 1 0 0 0 0 0 0 0 0 0 0 0 0 0 0 0 0 0 0 0 0 0 0 0 0 0 0 1 1 1 1 0 0 0 0 0 0 1 1 1 1 1 1 4 1 3 1 2 1 5 1 6 1 2 1 3 1 4 1 | -0.0038301576056249927
4 2 0 0 2 2 5 2 6 2 2 2 0 0 4 2 1 2 1 2 1 2 1 2 1 2 1 2 1 2 1 2 0 0 0 0 0 0 0 0 0 0 0 0 3 2 0 0 0 0 0 0 0 0 1 1 0 0 0 0 0 0 0 0 0 0 3 2 1 1 0 0 0 0 2 1 0 0 0 0 0 0 0 0 0 0 0 0 0 0 0 0 0 0 0 0 1 1 1 1 0 0 0 0 0 0 1 1 1 1 1 1 4 1 3 1 0 0 5 1 6 1 2 1 3 1 4 1 | -0.0007205075718749831
4 2 0 0 2 2 5 2 6 2 2 2 0 0 4 2 1 2 1 2 1 2 1 2 1 2 1 2 1 2 1 2 3 2 0 0 0 0 0 0 0 0 0 0 3 2 0 0 0 0 0 0 0 0 1 1 0 0 0 0 0 0 0 0 0 0 0 0 1 1 0 0 0 0 0 0 0 0 0 0 0 0 0 0 0 0 0 0 0 0 0 0 0 0 0 0 1 1 1 1 0 0 2 1 0 0 1 1 1 1 1 1 4 1 3 1 0 0 5 1 6 1 2 1 3 1 4 1 | -0.0035632026056249743
4 2 0 0 2 2 5 2 6 2 2 2 0 0 4 2 1 2 1 2 1 2 1 2 1 2 1 2 1 2 1 2 3 2 0 0 0 0 0 0 0 0 0 0 0 0 0 0 0 0 0 0 0 0 1 1 3 2 0 0 0 0 0 0 0 0 0 0 1 1 0 0 0 0 0 0 0 0 0 0 0 0 0 0 3 1 0 0 0 0 0 0 0 0 0 0 1 1 1 1 0 0 2 1 0 0 1 1 1 1 1 1 4 1 0 0 0 0 5 1 6 1 2 1 3 1 4 1 | -0.003556949605624997
4 2 0 0 2 2 5 2 6 2 2 2 0 0 4 2 1 2 1 2 1 2 1 2 1 2 1 2 1 2 1 2 3 2 0 0 0 0 0 0 0 0 0 0 3 2 0 0 0 0 0 0 0 0 1 1 0 0 0 0 0 0 0 0 0 0 0 0 1 1 0 0 0 0 0 0 0 0 0 0 0 0 0 0 3 1 0 0 0 0 0 0 0 0 0 0 1 1 1 1 0 0 2 1 5 1 1 1 1 1 1 1 4 1 0 0 0 0 0 0 6 1 2 1 3 1 4 1 | 0.001978587624374997
4 2 0 0 2 2 5 2 6 2 2 2 0 0 4 2 1 2 1 2 1 2 1 2 1 2 1 2 1 2 1 2 0 0 0 0 0 0 0 0 0 0 0 0 3 2 0 0 0 0 0 0 3 2 1 1 0 0 0 0 0 0 0 0 0 0 0 0 1 1 0 0 0 0 0 0 0 0 0 0 0 0 0 0 3 1 0 0 0 0 0 0 0 0 0 0 1 1 1 1 0 0 2 1 5 1 1 1 1 1 1 1 0 0 0 0 6 1 4 1 0 0 2 1 3 1 4 1 | 0.0025014966243750098
4 2 0 0 2 2 5 2 6 2 2 2 0 0 4 2 1 2 1 2 1 2 1 2 1 2 1 2 1 2 1 2 0 0 0 0 0 0 0 0 0 0 0 0 3 2 0 0 0 0 0 0 0 0 1 1 0 0 0 0 0 0 0 0 0 0 0 0 1 1 0 0 3 2 0 0 0 0 0 0 0 0 0 0 0 0 0 0 0 0 0 0 0 0 0 0 1 1 1 1 0 0 2 1 5 1 1 1 1 1 1 1 0 0 0 0 6 1 4 1 0 0 2 1 3 1 4 1 | -0.0001354743225000445
4 2 0 0 2 2 5 2 6 2 2 2 0 0 4 2 1 2 1 2 1 2 1 2 1 2 0 0 1 2 1 2 0 0 0 0 0 0 0 0 0 0 0 0 3 2 0 0 0 0 0 0 0 0 1 1 0 0 1 2 0 0 0 0 0 0 0 0 1 1 0 0 5 1 0 0 0 0 0 0 0 0 0 0 0 0 0 0 0 0 0 0 0 0 0 0 1 1 1 1 0 0 2 1 0 0 1 1 1 1 1 1 0 0 0 0 6 1 4 1 0 0 2 1 3 1 4 1 | 0.003610793784374966
4 2 0 0 2 2 5 2 6 2 2 2 0 0 4 2 1 2 1 2 1 2 1 2 1 2 0 0 1 2 1 2 0 0 0 0 0 0 0 0 0 0 0 0 0 0 0 0 0 0 0 0 0 0 1 1 0 0 5 1 0 0 0 0 0 0 0 0 1 1 0 0 0 0 0 0 0 0 3 2 0 0 0 0 0 0 0 0 0 0 0 0 0 0 0 0 1 1 1 1 0 0 2 1 0 0 1 1 1 1 1 1 0 0 0 0 6 1 4 1 0 0 2 1 3 1 4 1 | 0.015136163212500003
4 2 0 0 2 2 5 2 6 2 2 2 0 0 4 2 1 2 1 2 1 2 1 2 1 2 0 0 0 0 1 2 0 0 0 0 0 0 0 0 0 0 0 0 1 2 0 0 0 0 0 0 0 0 1 1 0 0 0 0 0 0 5 1 0 0 0 0 1 1 0 0 0 0 0 0 0 0 3 2 0 0 0 0 0 0 0 0 0 0 0 0 0 0 0 0 1 1 1 1 0 0 2 1 0 0 1 1 1 1 1 1 0 0 0 0 6 1 4 1 0 0 2 1 3 1 4 1 | 0.016145053650000008
0 0 4 2 2 2 5 2 6 2 2 2 0 0 4 2 1 2 1 2 1 2 1 2 1 2 0 0 0 0 1 2 0 0 0 0 0 0 0 0 0 0 0 0 1 2 0 0 0 0 0 0 0 0 1 1 0 0 0 0 0 0 0 0 0 0 0 0 1 1 0 0 0 0 0 0 0 0 5 1 0 0 0 0 0 0 0 0 0 0 0 0 0 0 0 0 1 1 1 1 0 0 2 1 0 0 1 1 1 1 1 1 0 0 0 0 6 1 4 1 0 0 2 1 3 1 4 1 | 0.021341975079687502
0 0 4 2 2 2 5 2 6 2 2 2 4 2 0 0 1 2 1 2 1 2 1 2 1 2 0 0 0 0 1 2 0 0 0 0 0 0 0 0 0 0 0 0 1 2 0 0 0 0 0 0 0 0 1 1 0 0 0 0 0 0 0 0 0 0 0 0 1 1 0 0 0 0 0 0 0 0 5 1 0 0 0 0 2 1 0 0 0 0 0 0 0 0 0 0 1 1 1 1 0 0 0 0 0 0 1 1 1 1 1 1 0 0 0 0 6 1 4 1 0 0 2 1 3 1 4 1 | 0.020878340579687495
0 0 4 2 2 2 5 2 6 2 0 0 4 2 0 0 1 2 1 2 1 2 1 2 1 2 0 0 0 0 5 1 0 0 0 0 0 0 0 0 0 0 0 0 1 2 2 2 0 0 0 0 0 0 1 1 0 0 0 0 0 0 0 0 0 0 0 0 1 1 0 0 0 0 0 0 0 0 0 0 0 0 0 0 2 1 0 0 0 0 0 0 0 0 0 0 1 1 1 1 0 0 0 0 0 0 1 1 1 1 1 1 0 0 0 0 6 1 4 1 0 0 2 1 3 1 4 1 | 0.033113900934999996
0 0 4 2 2 2 5 2 6 2 0 0 4 2 0 0 1 2 1 2 0 0 1 2 1 2 0 0 0 0 0 0 0 0 0 0 0 0 0 0 0 0 0 0 1 2 5 1 0 0 0 0 1 2 1 1 0 0 0 0 0 0 0 0 0 0 0 0 1 1 0 0 0 0 0 0 0 0 0 0 0 0 0 0 2 1 0 0 0 0 0 0 0 0 0 0 1 1 1 1 0 0 0 0 0 0 1 1 1 1 1 1 0 0 0 0 6 1 4 1 0 0 2 1 3 1 4 1 | 0.03849400883374999
0 0 4 2 2 2 5 2 6 2 0 0 4 2 0 0 1 2 0 0 0 0 1 2 1 2 0 0 0 0 0 0 0 0 0 0 1 2 0 0 0 0 0 0 1 2 5 1 0 0 0 0 0 0 0 0 0 0 0 0 0 0 0 0 0 0 0 0 1 1 0 0 0 0 0 0 0 0 0 0 0 0 0 0 2 1 0 0 0 0 0 0 0 0 0 0 1 1 1 1 0 0 0 0 0 0 1 1 1 1 1 1 0 0 0 0 6 1 4 1 0 0 2 1 3 1 4 1 | 0.03823579585375001
0 0 4 2 2 2 5 2 6 2 4 2 0 0 0 0 1 2 0 0 0 0 1 2 1 2 0 0 0 0 5 1 0 0 0 0 1 2 0 0 0 0 0 0 1 2 0 0 0 0 0 0 0 0 0 0 0 0 0 0 0 0 0 0 0 0 0 0 1 1 0 0 0 0 0 0 0 0 0 0 0 0 0 0 2 1 0 0 0 0 0 0 0 0 0 0 1 1 1 1 0 0 0 0 0 0 1 1 1 1 1 1 0 0 0 0 6 1 4 1 0 0 2 1 3 1 4 1 | 0.03870038091562499
0 0 4 2 2 2 5 2 6 2 0 0 0 0 0 0 1 2 0 0 0 0 1 2 1 2 4 2 0 0 0 0 0 0 0 0 1 2 0 0 0 0 0 0 5 1 0 0 0 0 0 0 0 0 0 0 0 0 0 0 0 0 0 0 0 0 0 0 1 1 0 0 0 0 0 0 0 0 0 0 0 0 0 0 2 1 0 0 0 0 0 0 0 0 0 0 1 1 1 1 0 0 0 0 0 0 1 1 1 1 1 1 0 0 0 0 6 1 4 1 0 0 2 1 3 1 4 1 | 0.030906995354999994
0 0 4 2 2 2 5 2 6 2 4 2 5 1 0 0 1 2 0 0 0 0 1 2 1 2 0 0 0 0 0 0 0 0 0 0 1 2 0 0 0 0 0 0 0 0 0 0 0 0 0 0 0 0 0 0 0 0 0 0 0 0 0 0 0 0 0 0 1 1 0 0 0 0 0 0 0 0 0 0 0 0 0 0 2 1 0 0 0 0 0 0 0 0 0 0 1 1 1 1 0 0 0 0 0 0 1 1 1 1 1 1 0 0 0 0 6 1 4 1 0 0 2 1 3 1 4 1 | 0.060923962709999974
0 0 0 0 2 2 5 2 6 2 0 0 0 0 0 0 1 2 0 0 0 0 1 2 1 2 4 2 0 0 0 0 0 0 0 0 1 2 0 0 0 0 0 0 5 1 0 0 0 0 0 0 0 0 0 0 0 0 0 0 0 0 0 0 0 0 0 0 1 1 0 0 0 0 0 0 0 0 0 0 0 0 0 0 2 1 2 1 0 0 0 0 0 0 0 0 1 1 4 2 0 0 0 0 0 0 1 1 1 1 1 1 0 0 0 0 6 1 4 1 0 0 0 0 3 1 4 1 | 0.05765956832031247
0 0 0 0 2 2 5 2 6 2 4 2 5 1 0 0 1 2 0 0 0 0 1 2 1 2 0 0 0 0 0 0 0 0 0 0 1 2 0 0 0 0 0 0 0 0 0 0 0 0 0 0 0 0 0 0 0 0 0 0 0 0 0 0 0 0 0 0 1 1 0 0 0 0 0 0 0 0 0 0 0 0 0 0 2 1 2 1 0 0 0 0 0 0 0 0 1 1 4 2 0 0 0 0 0 0 1 1 1 1 1 1 0 0 0 0 6 1 4 1 0 0 0 0 3 1 4 1 | 1.0
0 0 4 2 2 2 5 2 6 2 2 2 4 2 0 0 1 2 1 2 1 2 1 2 1 2 1 2 1 2 1 2 0 0 0 0 3 2 0 0 0 0 3 2 0 0 0 0 0 0 0 0 0 0 0 0 0 0 0 0 0 0 0 0 0 0 0 0 0 0 1 1 1 1 0 0 0 0 0 0 0 0 0 0 3 1 0 0 0 0 3 1 0 0 0 0 1 1 1 1 1 1 0 0 0 0 1 1 1 1 1 1 4 1 0 0 2 1 5 1 6 1 2 1 0 0 4 1 | 0.0013278497375000125
0 0 4 2 2 2 5 2 6 2 2 2 4 2 0 0 0 0 1 2 1 2 1 2 1 2 1 2 1 2 1 2 0 0 0 0 3 2 0 0 0 0 3 2 0 0 0 0 1 2 0 0 0 0 0 0 0 0 0 0 0 0 0 0 0 0 0 0 0 0 1 1 1 1 0 0 0 0 0 0 0 0 1 1 3 1 0 0 0 0 3 1 0 0 0 0 1 1 0 0 1 1 0 0 0 0 1 1 1 1 1 1 4 1 0 0 2 1 5 1 6 1 2 1 0 0 4 1 | 0.001216242200625041
0 0 4 2 2 2 5 2 6 2 2 2 4 2 0 0 0 0 1 2 1 2 1 2 1 2 1 2 1 2 0 0 0 0 0 0 3 2 0 0 0 0 3 2 0 0 0 0 1 2 0 0 0 0 0 0 0 0 0 0 0 0 1 2 0 0 0 0 0 0 1 1 1 1 0 0 0 0 0 0 0 0 1 1 3 1 0 0 0 0 3 1 0 0 0 0 1 1 2 1 1 1 0 0 0 0 1 1 1 1 1 1 4 1 0 0 0 0 5 1 6 1 2 1 0 0 4 1 | 0.000995035616875046
0 0 4 2 2 2 5 2 6 2 2 2 4 2 0 0 0 0 1 2 1 2 0 0 1 2 1 2 1 2 0 0 0 0 0 0 3 2 1 2 0 0 3 2 0 0 0 0 1 2 0 0 0 0 0 0 0 0 0 0 0 0 1 2 0 0 0 0 2 1 1 1 1 1 0 0 0 0 0 0 0 0 1 1 3 1 0 0 0 0 3 1 0 0 0 0 1 1 2 1 1 1 0 0 0 0 1 1 1 1 1 1 4 1 0 0 0 0 5 1 6 1 0 0 0 0 4 1 | 0.003997838414375034
0 0 4 2 2 2 5 2 6 2 2 2 4 2 0 0 0 0 1 2 1 2 0 0 1 2 1 2 1 2 0 0 0 0 0 0 0 0 1 2 0 0 3 2 0 0 0 0 1 2 0 0 0 0 1 1 0 0 0 0 0 0 1 2 0 0 3 2 2 1 0 0 1 1 0 0 0 0 0 0 0 0 1 1 3 1 0 0 0 0 3 1 0 0 0 0 1 1 2 1 1 1 0 0 0 0 1 1 1 1 1 1 4 1 0 0 0 0 5 1 6 1 0 0 0 0 4 1 | 0.002661739960625001
0 0 4 2 2 2 0 0 6 2 2 2 4 2 0 0 0 0 1 2 1 2 5 2 1 2 1 2 1 2 0 0 0 0 0 0 0 0 1 2 0 0 3 2 0 0 0 0 1 2 0 0 0 0 1 1 0 0 0 0 0 0 1 2 0 0 3 2 2 1 0 0 1 1 0 0 0 0 0 0 0 0 1 1 3 1 0 0 0 0 3 1 0 0 0 0 1 1 2 1 1 1 0 0 0 0 1 1 1 1 1 1 4 1 0 0 0 0 5 1 0 0 4 1 6 1 0 0 | 0.002702582460625004
0 0 4 2 2 2 0 0 6 2 2 2 4 2 0 0 0 0 1 2 1 2 5 2 1 2 1 2 1 2 0 0 0 0 0 0 0 0 1 2 0 0 3 2 0 0 0 0 1 2 0 0 0 0 1 1 0 0 0 0 3 1 0 0 0 0 3 2 2 1 0 0 1 1 0 0 0 0 1 2 0 0 1 1 3 1 0 0 0 0 0 0 0 0 0 0 1 1 2 1 1 1 0 0 0 0 1 1 1 1 1 1 4 1 0 0 0 0 5 1 0 0 4 1 6 1 0 0 | 0.004336017489375005
0 0 4 2 2 2 0 0 6 2 2 2 4 2 0 0 0 0 1 2 1 2 5 2 0 0 1 2 1 2 0 0 0 0 0 0 0 0 1 2 0 0 3 2 0 0 0 0 1 2 0 0 0 0 1 1 1 2 0 0 3 1 0 0 0 0 3 2 2 1 0 0 1 1 0 0 0 0 1 2 0 0 1 1 3 1 0 0 0 0 0 0 0 0 0 0 1 1 2 1 1 1 0 0 0 0 1 1 1 1 1 1 4 1 0 0 0 0 5 1 4 1 0 0 6 1 0 0 | 0.0045588467518750085
0 0 4 2 2 2 0 0 6 2 2 2 4 2 0 0 0 0 1 2 1 2 5 2 0 0 0 0 1 2 0 0 0 0 0 0 0 0 1 2 1 2 3 2 0 0 0 0 1 2 0 0 0 0 0 0 0 0 0 0 3 1 0 0 0 0 3 2 2 1 0 0 1 1 0 0 0 0 1 2 0 0 1 1 3 1 0 0 0 0 0 0 0 0 0 0 1 1 2 1 1 1 0 0 0 0 1 1 1 1 1 1 4 1 0 0 0 0 5 1 4 1 0 0 6 1 0 0 | 0.006606446541249993
0 0 4 2 2 2 0 0 6 2 2 2 4 2 0 0 0 0 1 2 1 2 0 0 0 0 0 0 1 2 0 0 0 0 0 0 5 2 1 2 2 1 3 2 0 0 0 0 1 2 0 0 0 0 0 0 0 0 0 0 3 1 0 0 0 0 3 2 0 0 0 0 1 1 0 0 0 0 1 2 0 0 1 1 3 1 0 0 0 0 0 0 0 0 0 0 1 1 2 1 1 1 0 0 0 0 1 1 1 1 1 1 4 1 0 0 0 0 5 1 4 1 0 0 6 1 0 0 | 0.02670494746781252
0 0 0 0 4 2 0 0 6 2 2 2 4 2 0 0 0 0 1 2 1 2 0 0 0 0 0 0 1 2 0 0 0 0 0 0 5 2 1 2 0 0 3 2 0 0 0 0 1 2 0 0 0 0 0 0 0 0 0 0 3 1 0 0 0 0 3 2 0 0 0 0 1 1 0 0 0 0 1 2 0 0 1 1 3 1 0 0 0 0 0 0 0 0 0 0 1 1 2 1 1 1 0 0 0 0 1 1 1 1 1 1 4 1 0 0 0 0 5 1 4 1 0 0 6 1 0 0 | 0.010153885974375
0 0 0 0 4 2 0 0 6 2 2 2 4 2 0 0 0 0 1 2 1 2 0 0 0 0 0 0 1 2 0 0 0 0 0 0 5 2 0 0 0 0 3 2 0 0 0 0 1 2 0 0 0 0 0 0 1 2 0 0 3 1 0 0 0 0 3 2 0 0 0 0 0 0 0 0 0 0 1 2 0 0 1 1 3 1 0 0 0 0 0 0 0 0 0 0 1 1 2 1 1 1 0 0 0 0 1 1 1 1 1 1 4 1 0 0 0 0 5 1 4 1 0 0 6 1 0 0 | 0.004874301461250009
0 0 0 0 4 2 0 0 6 2 0 0 4 2 0 0 0 0 1 2 1 2 0 0 2 2 0 0 1 2 0 0 0 0 0 0 5 2 0 0 0 0 3 2 0 0 0 0 1 2 0 0 0 0 0 0 4 1 0 0 3 1 0 0 0 0 3 2 0 0 0 0 0 0 0 0 0 0 1 2 0 0 1 1 3 1 0 0 0 0 0 0 0 0 0 0 1 1 2 1 1 1 0 0 0 0 1 1 1 1 1 1 4 1 0 0 0 0 5 1 0 0 0 0 6 1 0 0 | 0.018073661226562506
0 0 0 0 4 2 0 0 6 2 0 0 4 2 0 0 0 0 1 2 1 2 0 0 2 2 0 0 1 2 0 0 0 0 0 0 5 2 0 0 0 0 3 2 0 0 0 0 1 2 0 0 0 0 0 0 4 1 0 0 3 1 0 0 0 0 0 0 0 0 0 0 0 0 0 0 0 0 1 2 0 0 1 1 3 1 0 0 0 0 0 0 0 0 0 0 1 1 2 1 3 2 0 0 5 1 1 1 1 1 1 1 4 1 0 0 0 0 0 0 0 0 0 0 6 1 0 0 | 0.014607134420000008
0 0 0 0 4 2 0 0 0 0 6 2 4 2 0 0 0 0 1 2 1 2 0 0 4 1 0 0 1 2 0 0 0 0 0 0 5 2 0 0 0 0 3 2 0 0 0 0 1 2 0 0 0 0 0 0 0 0 0 0 3 1 0 0 0 0 0 0 0 0 0 0 0 0 0 0 0 0 1 2 0 0 1 1 3 1 0 0 0 0 0 0 0 0 0 0 1 1 2 1 3 2 0 0 5 1 1 1 1 1 1 1 4 1 0 0 0 0 0 0 0 0 0 0 6 1 0 0 | 1.0
0 0 0 0 4 2 0 0 0 0 6 2 4 2 0 0 0 0 1 2 1 2 0 0 4 1 0 0 1 2 0 0 0 0 0 0 5 2 0 0 0 0 3 2 0 0 0 0 1 2 0 0 0 0 0 0 0 0 0 0 3 1 0 0 0 0 0 0 0 0 0 0 0 0 0 0 0 0 1 2 0 0 1 1 3 1 0 0 3 2 0 0 0 0 0 0 1 1 2 1 0 0 0 0 5 1 1 1 1 1 1 1 0 0 0 0 4 1 0 0 0 0 0 0 6 1 0 0 | 0.031036944523749995
0 0 0 0 4 2 0 0 0 0 6 2 0 0 4 2 0 0 1 2 1 2 0 0 4 1 0 0 1 2 0 0 0 0 0 0 5 2 0 0 0 0 3 2 0 0 0 0 1 2 0 0 0 0 0 0 0 0 0 0 3 1 0 0 0 0 0 0 0 0 0 0 0 0 0 0 0 0 1 2 0 0 1 1 3 1 0 0 5 1 0 0 0 0 0 0 1 1 2 1 0 0 0 0 0 0 1 1 1 1 1 1 0 0 0 0 4 1 0 0 0 0 0 0 6 1 0 0 | 0.035751834168749996
0 0 0 0 4 2 0 0 0 0 0 0 6 2 4 2 0 0 1 2 1 2 0 0 0 0 4 1 1 2 0 0 0 0 0 0 5 2 0 0 0 0 3 2 0 0 0 0 1 2 0 0 0 0 0 0 0 0 0 0 3 1 0 0 0 0 0 0 0 0 0 0 0 0 0 0 0 0 1 2 0 0 1 1 3 1 0 0 5 1 0 0 0 0 0 0 1 1 2 1 0 0 0 0 0 0 1 1 1 1 1 1 0 0 0 0 4 1 0 0 0 0 0 0 6 1 0 0 | 0.04649335587749997
0 0 0 0 4 2 0 0 0 0 0 0 6 2 4 2 0 0 1 2 1 2 0 0 0 0 4 1 1 2 0 0 0 0 0 0 5 2 0 0 0 0 0 0 0 0 0 0 1 2 0 0 0 0 0 0 0 0 0 0 3 1 0 0 0 0 0 0 0 0 0 0 0 0 0 0 3 2 1 2 0 0 1 1 3 1 0 0 5 1 0 0 0 0 0 0 1 1 2 1 0 0 0 0 0 0 1 1 1 1 1 1 0 0 0 0 0 0 0 0 4 1 0 0 6 1 0 0 | 0.03623056416875001
0 0 0 0 4 2 0 0 0 0 0 0 6 2 4 2 0 0 1 2 1 2 0 0 0 0 4 1 1 2 0 0 0 0 0 0 0 0 0 0 0 0 0 0 0 0 0 0 1 2 0 0 0 0 0 0 0 0 0 0 3 1 0 0 0 0 0 0 0 0 0 0 5 2 0 0 3 2 1 2 0 0 1 1 3 1 0 0 0 0 0 0 0 0 0 0 1 1 2 1 0 0 0 0 0 0 1 1 1 1 1 1 0 0 0 0 0 0 0 0 4 1 0 0 6 1 0 0 | 0.032715758646249996
0 0 0 0 4 2 0 0 0 0 0 0 6 2 4 2 0 0 1 2 1 2 0 0 0 0 4 1 1 2 0 0 0 0 0 0 0 0 0 0 0 0 0 0 0 0 3 2 1 2 0 0 0 0 0 0 0 0 0 0 3 1 0 0 0 0 0 0 0 0 0 0 4 1 0 0 0 0 1 2 0 0 1 1 3 1 0 0 0 0 0 0 0 0 0 0 1 1 2 1 0 0 0 0 0 0 1 1 1 1 1 1 0 0 0 0 0 0 0 0 0 0 0 0 6 1 0 0 | 0.03812356351062499
0 0 0 0 4 2 0 0 0 0 0 0 6 2 4 2 0 0 1 2 1 2 0 0 0 0 3 2 1 2 0 0 0 0 0 0 0 0 0 0 0 0 0 0 0 0 0 0 1 2 0 0 0 0 0 0 0 0 0 0 3 1 0 0 0 0 0 0 0 0 0 0 0 0 0 0 0 0 4 1 0 0 1 1 3 1 0 0 0 0 0 0 0 0 0 0 1 1 2 1 0 0 0 0 0 0 1 1 1 1 1 1 0 0 0 0 0 0 0 0 0 0 0 0 6 1 0 0 | 0.033784408034999984
0 0 0 0 4 2 0 0 0 0 0 0 6 2 0 0 0 0 1 2 1 2 0 0 0 0 3 1 1 2 0 0 0 0 0 0 0 0 0 0 0 0 0 0 0 0 0 0 1 2 0 0 0 0 0 0 0 0 0 0 0 0 0 0 0 0 0 0 0 0 0 0 0 0 0 0 0 0 4 2 0 0 1 1 3 1 0 0 0 0 0 0 0 0 0 0 1 1 2 1 0 0 0 0 0 0 1 1 1 1 1 1 0 0 0 0 0 0 0 0 0 0 0 0 6 1 0 0 | 0.000982088243437494
0 0 0 0 4 2 0 0 0 0 0 0 0 0 0 0 0 0 1 2 1 2 0 0 0 0 6 2 1 2 0 0 0 0 0 0 0 0 0 0 0 0 0 0 0 0 0 0 1 2 0 0 0 0 3 1 0 0 0 0 0 0 0 0 0 0 0 0 0 0 0 0 0 0 0 0 0 0 4 2 0 0 1 1 0 0 0 0 0 0 0 0 0 0 0 0 1 1 2 1 0 0 0 0 0 0 1 1 1 1 1 1 0 0 0 0 0 0 0 0 0 0 0 0 6 1 0 0 | -0.009627791381250002
4 2 0 0 2 2 5 2 6 2 2 2 3 2 4 2 1 2 1 2 1 2 1 2 1 2 1 2 1 2 1 2 0 0 0 0 0 0 0 0 0 0 0 0 0 0 0 0 0 0 0 0 0 0 0 0 3 2 0 0 0 0 0 0 0 0 0 0 0 0 0 0 1 1 0 0 0 0 0 0 0 0 0 0 0 0 0 0 0 0 5 1 0 0 0 0 1 1 1 1 1 1 1 1 0 0 1 1 1 1 1 1 4 1 3 1 2 1 0 0 6 1 2 1 3 1 4 1 | 0.0034383139618749886
4 2 0 0 2 2 5 2 6 2 2 2 3 2 4 2 1 2 1 2 1 2 1 2 1 2 1 2 1 2 1 2 0 0 0 0 3 2 0 0 0 0 0 0 0 0 0 0 0 0 0 0 0 0 0 0 0 0 0 0 0 0 0 0 0 0 0 0 0 0 0 0 1 1 5 1 0 0 0 0 0 0 0 0 0 0 0 0 0 0 0 0 0 0 0 0 1 1 1 1 1 1 1 1 0 0 1 1 1 1 1 1 4 1 3 1 2 1 0 0 6 1 2 1 3 1 4 1 | 0.00402417196187499
4 2 0 0 2 2 5 2 6 2 2 2 3 2 4 2 1 2 1 2 1 2 0 0 1 2 1 2 1 2 1 2 0 0 0 0 3 2 1 2 0 0 0 0 0 0 0 0 0 0 0 0 0 0 0 0 0 0 0 0 0 0 0 0 0 0 0 0 2 1 0 0 1 1 5 1 0 0 0 0 0 0 0 0 0 0 0 0 0 0 0 0 0 0 0 0 1 1 1 1 1 1 1 1 0 0 1 1 1 1 1 1 4 1 3 1 2 1 0 0 6 1 0 0 3 1 4 1 | 0.006726236359375018
4 2 0 0 2 2 5 2 0 0 2 2 3 2 4 2 1 2 1 2 1 2 6 2 1 2 5 1 1 2 1 2 0 0 0 0 3 2 1 2 0 0 0 0 0 0 0 0 0 0 0 0 0 0 0 0 0 0 0 0 0 0 0 0 0 0 0 0 2 1 0 0 1 1 0 0 0 0 0 0 0 0 0 0 0 0 0 0 0 0 0 0 0 0 0 0 1 1 1 1 1 1 1 1 0 0 1 1 1 1 1 1 4 1 3 1 2 1 0 0 6 1 0 0 3 1 4 1 | 1.0
4 2 0 0 2 2 5 2 6 2 2 2 3 2 4 2 1 2 1 2 1 2 1 2 1 2 1 2 1 2 1 2 0 0 0 0 0 0 0 0 0 0 0 0 0 0 0 0 0 0 0 0 0 0 0 0 3 2 0 0 0 0 0 0 0 0 0 0 0 0 0 0 1 1 0 0 0 0 0 0 0 0 0 0 0 0 1 1 0 0 0 0 0 0 0 0 1 1 1 1 1 1 0 0 0 0 1 1 1 1 1 1 4 1 3 1 2 1 5 1 6 1 2 1 3 1 4 1 | -0.00017798620937500373
4 2 0 0 2 2 5 2 6 2 2 2 0 0 4 2 1 2 1 2 1 2 1 2 1 2 1 2 1 2 1 2 0 0 0 0 0 0 0 0 0 0 3 2 0 0 0 0 0 0 0 0 0 0 0 0 3 2 0 0 0 0 0 0 0 0 0 0 0 0 0 0 1 1 0 0 0 0 0 0 0 0 0 0 0 0 1 1 0 0 0 0 0 0 3 1 1 1 1 1 1 1 0 0 0 0 1 1 1 1 1 1 4 1 3 1 2 1 5 1 6 1 2 1 0 0 4 1 | -0.0007574692093749932
0 0 4 2 2 2 5 2 6 2 2 2 0 0 4 2 1 2 1 2 1 2 1 2 1 2 1 2 1 2 1 2 0 0 0 0 0 0 0 0 0 0 3 2 0 0 0 0 0 0 0 0 0 0 0 0 3 2 0 0 0 0 0 0 0 0 0 0 0 0 0 0 1 1 3 1 0 0 0 0 0 0 0 0 0 0 1 1 0 0 0 0 0 0 0 0 1 1 1 1 1 1 0 0 0 0 1 1 1 1 1 1 4 1 3 1 2 1 5 1 6 1 2 1 0 0 4 1 | -0.00035192720937498245
0 0 4 2 2 2 5 2 6 2 2 2 4 2 0 0 1 2 1 2 1 2 1 2 1 2 1 2 1 2 1 2 0 0 0 0 0 0 0 0 0 0 3 2 0 0 0 0 0 0 0 0 0 0 0 0 3 2 0 0 0 0 0 0 0 0 0 0 0 0 0 0 1 1 3 1 0 0 0 0 0 0 0 0 0 0 1 1 0 0 0 0 0 0 0 0 1 1 1 1 1 1 0 0 0 0 1 1 1 1 1 1 4 1 3 1 2 1 5 1 6 1 2 1 4 1 0 0 | -0.0003519272093749782
0 0 4 2 2 2 5 2 6 2 2 2 4 2 0 0 1 2 1 2 0 0 1 2 1 2 1 2 1 2 1 2 0 0 0 0 0 0 0 0 0 0 3 2 0 0 0 0 0 0 0 0 1 2 0 0 3 2 0 0 0 0 0 0 0 0 0 0 0 0 0 0 1 1 3 1 0 0 0 0 0 0 0 0 3 1 1 1 0 0 0 0 0 0 0 0 1 1 1 1 1 1 0 0 0 0 1 1 1 1 1 1 4 1 0 0 2 1 5 1 6 1 2 1 4 1 0 0 | 0.00026938451687500385
0 0 4 2 2 2 5 2 6 2 2 2 4 2 0 0 1 2 1 2 0 0 1 2 1 2 1 2 0 0 1 2 0 0 0 0 0 0 0 0 0 0 3 2 0 0 0 0 0 0 0 0 1 2 0 0 3 2 0 0 1 2 0 0 1 1 0 0 0 0 0 0 1 1 3 1 0 0 0 0 0 0 0 0 3 1 1 1 0 0 0 0 0 0 0 0 0 0 1 1 1 1 0 0 0 0 1 1 1 1 1 1 4 1 0 0 2 1 5 1 6 1 2 1 4 1 0 0 | 0.0002882249218750895
0 0 4 2 2 2 5 2 6 2 2 2 4 2 0 0 1 2 1 2 0 0 1 2 1 2 1 2 0 0 1 2 0 0 0 0 0 0 0 0 0 0 3 2 0 0 0 0 0 0 0 0 1 2 0 0 3 2 0 0 0 0 0 0 1 1 0 0 0 0 0 0 1 1 1 2 0 0 0 0 0 0 0 0 3 1 1 1 0 0 0 0 0 0 1 1 0 0 1 1 1 1 0 0 0 0 1 1 1 1 0 0 4 1 0 0 2 1 5 1 6 1 2 1 4 1 0 0 | -0.009804691007812425
0 0 4 2 2 2 5 2 6 2 2 2 4 2 0 0 1 2 1 2 0 0 1 2 1 2 1 2 0 0 1 2 0 0 0 0 0 0 0 0 0 0 3 2 0 0 0 0 0 0 0 0 1 2 0 0 3 2 0 0 0 0 0 0 1 1 0 0 0 0 0 0 1 1 0 0 0 0 0 0 0 0 0 0 3 1 1 1 0 0 0 0 1 2 1 1 0 0 1 1 1 1 0 0 0 0 1 1 0 0 0 0 4 1 0 0 2 1 5 1 6 1 2 1 4 1 0 0 | -0.01427097398999995
0 0 4 2 2 2 5 2 6 2 2 2 0 0 0 0 1 2 1 2 0 0 1 2 1 2 1 2 0 0 1 2 0 0 0 0 0 0 0 0 0 0 3 2 4 2 0 0 0 0 0 0 1 2 0 0 3 2 0 0 0 0 0 0 1 1 0 0 0 0 0 0 1 1 0 0 0 0 0 0 0 0 0 0 3 1 1 1 0 0 0 0 1 1 1 1 0 0 1 1 1 1 0 0 0 0 0 0 0 0 0 0 4 1 0 0 2 1 5 1 6 1 2 1 4 1 0 0 | -0.015217897301249934
0 0 4 2 2 2 5 2 6 2 2 2 0 0 0 0 0 0 1 2 0 0 1 2 1 2 1 2 0 0 1 2 0 0 0 0 0 0 0 0 0 0 3 2 4 2 0 0 1 2 0 0 1 2 0 0 3 2 0 0 0 0 0 0 1 1 0 0 0 0 0 0 1 1 0 0 1 1 0 0 0 0 0 0 3 1 1 1 0 0 0 0 0 0 1 1 0 0 1 1 1 1 0 0 0 0 0 0 0 0 0 0 4 1 0 0 2 1 5 1 6 1 2 1 4 1 0 0 | -0.01530981401249994
0 0 4 2 2 2 5 2 6 2 2 2 0 0 0 0 0 0 1 2 0 0 0 0 1 2 1 2 0 0 1 2 0 0 0 0 0 0 1 2 0 0 3 2 4 2 0 0 1 2 0 0 1 2 0 0 3 2 0 0 0 0 0 0 1 1 0 0 0 0 0 0 1 1 0 0 1 1 0 0 0 0 0 0 3 1 1 1 0 0 0 0 4 1 1 1 0 0 1 1 1 1 0 0 0 0 0 0 0 0 0 0 4 1 0 0 2 1 5 1 6 1 2 1 0 0 0 0 | -0.01445965854374995
0 0 4 2 2 2 5 2 6 2 2 2 0 0 0 0 0 0 1 2 0 0 0 0 1 2 1 2 0 0 1 2 0 0 0 0 0 0 1 2 0 0 0 0 4 2 0 0 1 2 0 0 1 2 3 2 3 2 0 0 0 0 0 0 1 1 0 0 0 0 0 0 1 1 0 0 1 1 0 0 0 0 0 0 0 0 1 1 0 0 0 0 4 1 1 1 0 0 1 1 1 1 0 0 0 0 0 0 0 0 0 0 4 1 0 0 2 1 5 1 6 1 2 1 0 0 0 0 | -0.015500799899999973
0 0 4 2 2 2 0 0 6 2 2 2 0 0 0 0 0 0 1 2 0 0 5 2 1 2 1 2 0 0 1 2 0 0 0 0 0 0 1 2 0 0 0 0 4 2 0 0 1 2 0 0 1 2 1 1 3 2 0 0 0 0 0 0 1 1 0 0 0 0 0 0 0 0 0 0 1 1 0 0 0 0 0 0 0 0 1 1 0 0 0 0 4 1 1 1 0 0 1 1 1 1 0 0 0 0 0 0 0 0 0 0 4 1 0 0 2 1 5 1 6 1 2 1 0 0 0 0 | -0.015420609899999986
0 0 4 2 2 2 0 0 6 2 2 2 0 0 0 0 0 0 1 2 0 0 5 2 1 2 1 2 0 0 1 2 0 0 0 0 0 0 1 2 0 0 4 2 0 0 0 0 1 2 0 0 1 2 1 1 3 2 0 0 0 0 0 0 1 1 0 0 0 0 0 0 0 0 0 0 1 1 0 0 0 0 1 1 0 0 1 1 0 0 0 0 4 1 1 1 0 0 0 0 1 1 0 0 0 0 0 0 0 0 0 0 4 1 0 0 2 1 5 1 6 1 2 1 0 0 0 0 | -0.015792354337499977
0 0 4 2 2 2 0 0 6 2 2 2 0 0 0 0 0 0 0 0 0 0 5 2 1 2 1 2 0 0 1 2 0 0 1 2 0 0 1 2 0 0 4 2 0 0 0 0 1 2 0 0 1 2 1 1 3 2 0 0 0 0 0 0 1 1 0 0 0 0 0 0 0 0 0 0 1 1 0 0 0 0 1 1 0 0 1 1 0 0 0 0 4 1 1 1 0 0 0 0 1 1 0 0 2 1 0 0 0 0 0 0 4 1 0 0 2 1 5 1 6 1 0 0 0 0 0 0 | -0.01532875589999997
0 0 0 0 2 2 0 0 6 2 2 2 0 0 0 0 0 0 4 2 0 0 5 2 1 2 1 2 0 0 1 2 0 0 1 2 0 0 1 2 0 0 4 2 0 0 0 0 1 2 0 0 1 2 1 1 3 2 0 0 0 0 0 0 1 1 0 0 0 0 0 0 0 0 0 0 1 1 0 0 0 0 1 1 1 1 1 1 0 0 0 0 4 1 1 1 0 0 0 0 0 0 0 0 2 1 0 0 0 0 0 0 4 1 0 0 2 1 5 1 6 1 0 0 0 0 0 0 | -0.015688411087499975
0 0 0 0 2 2 0 0 6 2 2 2 0 0 0 0 0 0 4 2 0 0 5 2 1 2 1 2 0 0 1 2 0 0 1 2 0 0 1 2 0 0 0 0 0 0 0 0 1 2 0 0 1 2 1 1 3 2 4 2 1 1 0 0 1 1 0 0 0 0 0 0 0 0 0 0 0 0 0 0 0 0 1 1 1 1 1 1 0 0 0 0 4 1 1 1 0 0 0 0 0 0 0 0 2 1 0 0 0 0 0 0 4 1 0 0 2 1 5 1 6 1 0 0 0 0 0 0 | -0.016152307199999983
0 0 0 0 2 2 0 0 6 2 2 2 0 0 0 0 0 0 0 0 4 2 5 2 1 2 1 2 0 0 1 2 0 0 1 2 0 0 1 2 0 0 0 0 0 0 0 0 1 2 0 0 1 2 1 1 3 2 4 2 1 1 0 0 1 1 0 0 0 0 0 0 0 0 0 0 0 0 0 0 0 0 1 1 1 1 1 1 0 0 0 0 0 0 1 1 0 0 0 0 0 0 0 0 2 1 0 0 4 1 0 0 4 1 0 0 2 1 5 1 6 1 0 0 0 0 0 0 | -0.017129167199999986
0 0 0 0 2 2 0 0 6 2 2 2 0 0 0 0 0 0 0 0 4 2 5 2 1 2 1 2 0 0 0 0 0 0 1 2 0 0 1 2 0 0 0 0 0 0 1 2 1 2 0 0 1 2 1 1 3 2 4 2 1 1 2 1 1 1 0 0 0 0 0 0 0 0 0 0 0 0 0 0 0 0 1 1 1 1 1 1 0 0 0 0 0 0 1 1 0 0 0 0 0 0 0 0 0 0 0 0 4 1 0 0 4 1 0 0 2 1 5 1 6 1 0 0 0 0 0 0 | -0.013847684613437494
0 0 0 0 0 0 0 0 6 2 2 2 0 0 0 0 0 0 2 2 4 2 5 2 1 2 1 2 0 0 0 0 0 0 1 2 0 0 1 2 0 0 0 0 0 0 1 1 1 2 0 0 1 2 1 1 3 2 4 2 0 0 2 1 1 1 0 0 0 0 0 0 0 0 0 0 0 0 0 0 0 0 1 1 1 1 1 1 0 0 0 0 0 0 1 1 0 0 0 0 0 0 0 0 0 0 0 0 4 1 0 0 4 1 0 0 2 1 5 1 6 1 0 0 0 0 0 0 | -0.009441415429999975
0 0 0 0 0 0 0 0 6 2 2 2 0 0 0 0 0 0 2 2 4 2 5 2 1 2 1 2 0 0 0 0 0 0 1 2 0 0 1 2 0 0 0 0 0 0 1 1 1 2 0 0 1 2 1 1 0 0 4 2 0 0 0 0 1 1 0 0 0 0 0 0 0 0 0 0 3 2 0 0 0 0 1 1 1 1 1 1 0 0 0 0 0 0 1 1 0 0 0 0 0 0 0 0 0 0 0 0 4 1 0 0 4 1 0 0 2 1 5 1 6 1 0 0 0 0 0 0 | -0.012322386336562477
0 0 0 0 0 0 0 0 6 2 2 2 0 0 0 0 0 0 2 2 4 2 5 2 1 2 1 2 0 0 0 0 0 0 1 2 0 0 1 2 0 0 0 0 0 0 1 1 1 2 0 0 1 2 4 2 0 0 0 0 0 0 0 0 1 1 0 0 0 0 0 0 0 0 0 0 1 1 0 0 0 0 1 1 1 1 1 1 0 0 0 0 0 0 0 0 0 0 0 0 0 0 0 0 0 0 0 0 4 1 0 0 4 1 0 0 2 1 5 1 6 1 0 0 0 0 0 0 | -0.017680801687499987
0 0 0 0 0 0 0 0 6 2 2 2 0 0 0 0 0 0 2 2 4 2 0 0 1 2 1 2 0 0 0 0 0 0 1 2 0 0 1 2 0 0 0 0 0 0 1 1 1 2 0 0 1 2 4 2 0 0 0 0 0 0 0 0 1 1 0 0 0 0 0 0 0 0 0 0 5 2 0 0 0 0 1 1 1 1 1 1 0 0 0 0 0 0 0 0 0 0 0 0 0 0 0 0 4 1 0 0 0 0 0 0 4 1 0 0 2 1 5 1 6 1 0 0 0 0 0 0 | -0.01776645754374999
0 0 0 0 0 0 0 0 6 2 2 2 0 0 0 0 0 0 2 2 4 2 0 0 1 2 1 2 0 0 1 1 0 0 1 2 0 0 1 2 0 0 0 0 0 0 0 0 1 2 0 0 1 2 4 2 0 0 0 0 0 0 0 0 1 1 0 0 0 0 0 0 0 0 0 0 0 0 0 0 0 0 1 1 1 1 1 1 0 0 0 0 5 2 0 0 0 0 0 0 0 0 0 0 4 1 0 0 0 0 0 0 4 1 0 0 2 1 5 1 6 1 0 0 0 0 0 0 | -0.021740144250937468
0 0 0 0 0 0 0 0 6 2 2 2 0 0 0 0 0 0 2 2 4 2 0 0 1 2 1 2 0 0 1 1 0 0 1 2 0 0 1 2 0 0 0 0 0 0 0 0 1 2 0 0 1 2 4 2 0 0 0 0 0 0 0 0 1 1 0 0 0 0 0 0 0 0 0 0 0 0 0 0 0 0 1 1 1 1 5 2 0 0 0 0 0 0 0 0 0 0 0 0 0 0 6 1 4 1 0 0 0 0 0 0 4 1 0 0 2 1 5 1 0 0 0 0 0 0 0 0 | -0.028457564579999987
0 0 0 0 0 0 0 0 6 2 2 2 0 0 0 0 0 0 2 2 4 2 0 0 1 2 1 2 0 0 1 1 0 0 1 2 0 0 1 2 0 0 0 0 0 0 0 0 1 2 0 0 1 2 4 2 0 0 0 0 0 0 0 0 1 1 0 0 0 0 0 0 0 0 0 0 0 0 0 0 0 0 1 1 1 1 0 0 0 0 0 0 0 0 0 0 0 0 0 0 0 0 0 0 4 1 0 0 0 0 0 0 4 1 0 0 2 1 5 2 6 1 0 0 0 0 0 0 | -0.07100001166499997
0 0 0 0 0 0 0 0 6 2 2 2 0 0 0 0 0 0 2 2 4 2 0 0 1 2 1 2 0 0 1 1 0 0 1 2 0 0 1 2 0 0 0 0 0 0 0 0 1 2 0 0 1 2 0 0 0 0 4 2 0 0 0 0 1 1 0 0 0 0 0 0 0 0 0 0 0 0 0 0 0 0 1 1 1 1 0 0 0 0 0 0 0 0 0 0 0 0 0 0 0 0 0 0 4 1 6 1 0 0 0 0 4 1 0 0 2 1 5 2 0 0 0 0 0 0 0 0 | -0.06959576466499998
0 0 0 0 0 0 0 0 6 2 2 2 0 0 0 0 0 0 2 2 4 2 0 0 1 2 1 2 0 0 1 1 0 0 1 2 0 0 1 2 0 0 0 0 0 0 0 0 1 2 0 0 1 2 0 0 0 0 4 2 0 0 0 0 1 1 0 0 0 0 0 0 0 0 0 0 0 0 0 0 0 0 1 1 1 1 5 2 0 0 0 0 6 1 0 0 0 0 0 0 0 0 0 0 4 1 0 0 0 0 0 0 4 1 0 0 2 1 0 0 0 0 0 0 0 0 0 0 | -0.07142415966499999
0 0 0 0 0 0 0 0 6 2 2 2 0 0 0 0 0 0 0 0 4 2 0 0 1 2 1 2 0 0 1 1 0 0 1 2 0 0 1 2 0 0 0 0 0 0 0 0 1 2 0 0 1 2 0 0 0 0 4 2 0 0 0 0 1 1 0 0 0 0 0 0 0 0 0 0 6 1 0 0 0 0 1 1 1 1 5 2 0 0 2 2 0 0 0 0 0 0 0 0 0 0 0 0 4 1 0 0 0 0 0 0 4 1 0 0 2 1 0 0 0 0 0 0 0 0 0 0 | -0.07291214616499997
0 0 0 0 0 0 0 0 6 2 2 2 0 0 0 0 0 0 0 0 4 2 0 0 1 2 1 2 0 0 1 1 0 0 1 2 0 0 1 2 0 0 0 0 0 0 0 0 1 2 0 0 1 2 0 0 0 0 4 2 0 0 0 0 1 1 0 0 0 0 0 0 0 0 0 0 0 0 0 0 0 0 1 1 1 1 5 2 0 0 0 0 0 0 6 1 0 0 0 0 0 0 0 0 2 2 0 0 0 0 0 0 4 1 0 0 2 1 0 0 0 0 0 0 0 0 0 0 | -0.09751282223999996
0 0 0 0 0 0 0 0 6 2 2 2 0 0 0 0 0 0 0 0 4 2 0 0 1 2 1 2 0 0 1 1 0 0 1 2 0 0 1 2 0 0 0 0 0 0 0 0 1 2 0 0 1 2 0 0 0 0 0 0 0 0 0 0 1 1 0 0 0 0 0 0 0 0 0 0 0 0 0 0 0 0 1 1 1 1 5 2 0 0 0 0 0 0 0 0 0 0 0 0 0 0 0 0 2 2 4 2 0 0 6 1 4 1 0 0 2 1 0 0 0 0 0 0 0 0 0 0 | -0.09741272423999994
0 0 0 0 0 0 0 0 6 2 2 2 0 0 0 0 0 0 0 0 4 2 0 0 1 2 1 2 0 0 1 1 0 0 1 2 0 0 1 2 0 0 0 0 0 0 0 0 1 2 0 0 1 2 0 0 0 0 0 0 0 0 0 0 1 1 0 0 0 0 0 0 0 0 0 0 0 0 0 0 0 0 1 1 1 1 5 2 0 0 0 0 0 0 0 0 0 0 0 0 0 0 0 0 2 2 0 0 0 0 0 0 4 1 0 0 2 1 0 0 0 0 4 2 6 1 0 0 | -0.09691223423999996
0 0 0 0 0 0 0 0 6 2 2 2 0 0 0 0 0 0 0 0 4 2 0 0 1 2 1 2 0 0 1 1 0 0 1 2 0 0 1 2 0 0 0 0 0 0 0 0 1 2 0 0 1 2 0 0 0 0 0 0 0 0 0 0 1 1 0 0 0 0 0 0 5 2 0 0 0 0 0 0 0 0 1 1 1 1 0 0 0 0 0 0 0 0 0 0 0 0 0 0 0 0 0 0 2 2 0 0 6 1 0 0 4 1 0 0 2 1 0 0 0 0 4 2 0 0 0 0 | -0.09783104423999997
0 0 0 0 0 0 0 0 6 2 2 2 0 0 0 0 0 0 0 0 4 2 0 0 1 2 1 2 0 0 1 1 0 0 1 2 0 0 1 2 0 0 0 0 0 0 0 0 1 2 0 0 1 2 0 0 0 0 0 0 0 0 0 0 1 1 0 0 0 0 0 0 5 2 0 0 0 0 0 0 0 0 1 1 1 1 0 0 0 0 4 2 0 0 6 1 0 0 0 0 0 0 0 0 2 2 0 0 0 0 0 0 4 1 0 0 2 1 0 0 0 0 0 0 0 0 0 0 | -0.09883202423999997
0 0 0 0 0 0 0 0 6 2 2 2 0 0 0 0 0 0 0 0 4 2 0 0 1 2 1 2 0 0 5 2 0 0 1 2 0 0 1 2 0 0 0 0 0 0 0 0 1 2 0 0 1 2 0 0 0 0 0 0 0 0 0 0 1 1 0 0 0 0 0 0 0 0 0 0 0 0 0 0 0 0 1 1 1 1 0 0 0 0 4 2 0 0 0 0 0 0 0 0 0 0 0 0 2 2 0 0 0 0 6 1 4 1 0 0 2 1 0 0 0 0 0 0 0 0 0 0 | -0.09914309605156246
0 0 0 0 0 0 0 0 6 2 2 2 0 0 0 0 0 0 0 0 4 2 0 0 1 2 1 2 0 0 5 2 0 0 1 2 0 0 1 2 0 0 0 0 0 0 0 0 1 2 0 0 1 2 0 0 0 0 0 0 0 0 0 0 1 1 0 0 0 0 0 0 0 0 0 0 0 0 0 0 0 0 1 1 4 2 0 0 0 0 0 0 0 0 0 0 0 0 0 0 0 0 0 0 2 2 0 0 0 0 0 0 4 1 0 0 2 1 0 0 0 0 0 0 6 1 0 0 | -0.10318089154124994
0 0 0 0 0 0 0 0 6 2 2 2 0 0 0 0 0 0 0 0 4 2 0 0 1 2 1 2 0 0 0 0 0 0 1 2 0 0 1 2 0 0 0 0 0 0 0 0 1 2 0 0 1 2 0 0 0 0 0 0 0 0 0 0 1 1 0 0 0 0 0 0 5 2 0 0 0 0 0 0 0 0 1 1 4 2 0 0 0 0 0 0 0 0 0 0 0 0 0 0 0 0 0 0 2 2 6 1 0 0 0 0 4 1 0 0 2 1 0 0 0 0 0 0 0 0 0 0 | -0.10767638254124995
0 0 0 0 0 0 0 0 6 2 2 2 0 0 0 0 0 0 0 0 4 2 0 0 1 2 1 2 0 0 0 0 0 0 1 2 0 0 1 2 0 0 0 0 0 0 0 0 1 2 0 0 1 2 0 0 0 0 0 0 0 0 0 0 1 1 0 0 0 0 0 0 5 2 0 0 0 0 0 0 0 0 4 2 0 0 0 0 0 0 0 0 0 0 0 0 0 0 0 0 0 0 0 0 2 2 0 0 0 0 0 0 4 1 0 0 2 1 0 0 0 0 0 0 6 1 0 0 | -0.11209097401031246
0 0 0 0 0 0 0 0 6 2 2 2 0 0 0 0 0 0 0 0 4 2 0 0 1 2 1 2 0 0 0 0 0 0 1 2 0 0 1 2 0 0 0 0 0 0 0 0 1 2 0 0 1 2 0 0 0 0 0 0 0 0 0 0 1 1 0 0 0 0 0 0 5 2 0 0 0 0 0 0 0 0 0 0 0 0 4 2 0 0 0 0 0 0 0 0 0 0 0 0 0 0 0 0 2 2 0 0 0 0 6 1 4 1 0 0 2 1 0 0 0 0 0 0 0 0 0 0 | -0.11309496901031245
0 0 0 0 0 0 0 0 6 2 2 2 0 0 0 0 0 0 0 0 4 2 0 0 1 2 1 2 0 0 0 0 0 0 1 2 0 0 1 2 0 0 0 0 0 0 0 0 1 2 0 0 1 2 0 0 0 0 0 0 0 0 0 0 1 1 0 0 0 0 4 2 5 2 0 0 0 0 0 0 0 0 0 0 0 0 0 0 0 0 0 0 0 0 0 0 0 0 0 0 0 0 0 0 2 2 0 0 0 0 0 0 4 1 0 0 2 1 0 0 0 0 0 0 6 1 0 0 | -0.11360695651031244
0 0 4 2 2 2 5 2 6 2 2 2 4 2 0 0 1 2 1 2 1 2 1 2 1 2 1 2 1 2 1 2 0 0 0 0 3 2 0 0 0 0 3 2 0 0 0 0 0 0 0 0 0 0 0 0 0 0 0 0 0 0 0 0 0 0 0 0 2 1 1 1 1 1 0 0 0 0 0 0 0 0 0 0 3 1 0 0 0 0 0 0 0 0 0 0 1 1 1 1 1 1 0 0 0 0 1 1 1 1 1 1 4 1 0 0 2 1 5 1 6 1 0 0 3 1 4 1 | 0.0035925886993750334
0 0 4 2 2 2 5 2 6 2 2 2 4 2 0 0 0 0 1 2 1 2 1 2 1 2 1 2 1 2 1 2 0 0 0 0 3 2 0 0 0 0 3 2 0 0 0 0 1 2 0 0 0 0 0 0 0 0 0 0 0 0 0 0 0 0 0 0 2 1 1 1 1 1 0 0 0 0 0 0 0 0 0 0 3 1 0 0 0 0 3 1 0 0 0 0 1 1 1 1 1 1 0 0 0 0 1 1 1 1 1 1 4 1 0 0 2 1 5 1 6 1 0 0 0 0 4 1 | 0.004223964931875022
0 0 4 2 2 2 5 2 6 2 2 2 4 2 0 0 0 0 1 2 1 2 1 2 1 2 1 2 1 2 0 0 0 0 0 0 3 2 0 0 0 0 3 2 0 0 0 0 1 2 0 0 0 0 0 0 0 0 0 0 0 0 1 2 0 0 0 0 2 1 1 1 1 1 0 0 0 0 0 0 0 0 0 0 3 1 0 0 0 0 3 1 0 0 0 0 1 1 1 1 1 1 0 0 0 0 1 1 1 1 1 1 4 1 0 0 2 1 5 1 0 0 4 1 6 1 0 0 | 0.0049250861643750435
0 0 4 2 2 2 5 2 6 2 2 2 4 2 0 0 0 0 1 2 1 2 0 0 1 2 1 2 1 2 0 0 0 0 0 0 3 2 1 2 0 0 3 2 0 0 0 0 1 2 0 0 0 0 0 0 0 0 0 0 3 1 1 2 0 0 0 0 2 1 1 1 1 1 0 0 0 0 0 0 0 0 0 0 3 1 0 0 0 0 0 0 0 0 0 0 1 1 1 1 1 1 0 0 0 0 1 1 1 1 1 1 4 1 0 0 2 1 5 1 0 0 4 1 6 1 0 0 | 0.005423079293125054
0 0 4 2 2 2 5 2 0 0 2 2 4 2 0 0 0 0 1 2 1 2 6 2 1 2 2 1 1 2 0 0 0 0 0 0 3 2 1 2 0 0 3 2 0 0 0 0 1 2 0 0 0 0 0 0 0 0 0 0 3 1 1 2 0 0 0 0 0 0 1 1 1 1 0 0 0 0 0 0 0 0 0 0 3 1 0 0 0 0 0 0 0 0 0 0 1 1 1 1 1 1 0 0 0 0 1 1 1 1 1 1 4 1 0 0 2 1 5 1 0 0 4 1 6 1 0 0 | 0.027231527747187494
0 0 4 2 2 2 5 2 0 0 2 2 3 2 0 0 0 0 1 2 1 2 6 2 1 2 0 0 1 2 0 0 0 0 0 0 3 2 1 2 0 0 0 0 0 0 0 0 1 2 0 0 0 0 0 0 0 0 0 0 3 1 1 2 0 0 0 0 0 0 1 1 1 1 0 0 0 0 0 0 0 0 0 0 3 1 0 0 0 0 0 0 0 0 0 0 1 1 1 1 1 1 0 0 0 0 1 1 1 1 1 1 4 1 0 0 2 1 5 1 0 0 4 1 6 1 0 0 | 0.019060544296249992
0 0 4 2 2 2 5 2 0 0 2 2 3 2 0 0 0 0 1 2 1 2 6 2 1 2 0 0 1 2 0 0 0 0 0 0 3 2 1 2 0 0 0 0 0 0 0 0 1 2 0 0 0 0 0 0 0 0 0 0 3 1 0 0 0 0 0 0 0 0 1 1 1 1 0 0 1 2 0 0 0 0 0 0 3 1 0 0 0 0 0 0 0 0 0 0 1 1 1 1 1 1 0 0 0 0 1 1 0 0 1 1 4 1 0 0 2 1 5 1 0 0 4 1 6 1 0 0 | 0.015414797643749993
0 0 4 2 2 2 5 2 6 2 2 2 3 2 0 0 0 0 1 2 1 2 0 0 1 2 0 0 1 2 0 0 0 0 0 0 3 2 1 2 0 0 0 0 0 0 0 0 1 2 0 0 0 0 0 0 0 0 0 0 3 1 0 0 0 0 0 0 0 0 1 1 1 1 0 0 5 1 0 0 0 0 0 0 3 1 0 0 0 0 0 0 0 0 0 0 1 1 1 1 1 1 0 0 0 0 1 1 0 0 1 1 4 1 0 0 2 1 0 0 0 0 4 1 6 1 0 0 | 0.02789983980468748
0 0 4 2 2 2 5 2 0 0 2 2 3 2 0 0 0 0 1 2 1 2 6 2 1 2 0 0 1 2 0 0 0 0 0 0 3 2 1 2 0 0 0 0 0 0 0 0 1 2 0 0 0 0 0 0 0 0 0 0 3 1 5 1 0 0 0 0 0 0 1 1 1 1 0 0 0 0 0 0 0 0 0 0 3 1 0 0 0 0 0 0 0 0 0 0 1 1 1 1 1 1 0 0 0 0 1 1 0 0 1 1 4 1 0 0 2 1 0 0 0 0 4 1 6 1 0 0 | 0.015432293643749989
0 0 4 2 2 2 0 0 5 2 2 2 3 2 0 0 0 0 1 2 1 2 6 2 1 2 3 1 1 2 0 0 0 0 0 0 3 2 1 2 0 0 0 0 0 0 0 0 1 2 0 0 0 0 0 0 0 0 0 0 0 0 5 1 0 0 0 0 0 0 1 1 1 1 0 0 0 0 0 0 0 0 0 0 3 1 0 0 0 0 0 0 0 0 0 0 1 1 1 1 1 1 0 0 0 0 1 1 0 0 1 1 4 1 0 0 2 1 0 0 0 0 4 1 6 1 0 0 | 0.01970600176562499
0 0 4 2 2 2 0 0 5 2 2 2 3 2 0 0 0 0 1 2 1 2 6 2 1 2 3 1 1 2 0 0 0 0 0 0 0 0 1 2 0 0 0 0 0 0 0 0 1 2 0 0 0 0 0 0 1 1 0 0 0 0 5 1 0 0 0 0 0 0 3 2 0 0 0 0 0 0 0 0 0 0 0 0 3 1 0 0 0 0 0 0 0 0 0 0 1 1 1 1 1 1 0 0 0 0 1 1 0 0 1 1 4 1 0 0 2 1 0 0 0 0 4 1 6 1 0 0 | 0.014157249796874985
0 0 4 2 2 2 0 0 5 2 2 2 3 2 0 0 0 0 1 2 1 2 6 2 1 2 3 1 1 2 0 0 0 0 0 0 0 0 1 2 0 0 0 0 0 0 0 0 1 2 0 0 0 0 0 0 1 1 0 0 0 0 5 1 0 0 0 0 0 0 0 0 0 0 0 0 0 0 0 0 0 0 0 0 3 1 0 0 2 1 0 0 0 0 0 0 1 1 1 1 3 2 0 0 0 0 1 1 0 0 1 1 4 1 0 0 0 0 0 0 0 0 4 1 6 1 0 0 | 0.011272366828124986
0 0 4 2 2 2 0 0 5 2 2 2 3 2 0 0 0 0 1 2 1 2 6 2 1 2 3 1 1 2 0 0 0 0 0 0 0 0 1 2 0 0 0 0 0 0 0 0 1 2 0 0 0 0 0 0 1 1 0 0 0 0 5 1 0 0 0 0 0 0 0 0 0 0 0 0 0 0 0 0 0 0 0 0 3 1 0 0 3 2 0 0 0 0 0 0 1 1 1 1 0 0 0 0 0 0 1 1 0 0 1 1 0 0 0 0 4 1 0 0 0 0 4 1 6 1 0 0 | 0.006401006893749986
0 0 4 2 2 2 0 0 5 2 2 2 3 2 0 0 0 0 1 2 1 2 6 2 1 2 3 1 1 2 0 0 0 0 0 0 0 0 0 0 0 0 0 0 0 0 0 0 1 2 0 0 0 0 0 0 1 2 0 0 0 0 5 1 0 0 0 0 0 0 0 0 0 0 0 0 0 0 0 0 0 0 0 0 3 1 0 0 1 1 0 0 0 0 0 0 1 1 1 1 0 0 0 0 0 0 0 0 0 0 1 1 0 0 0 0 4 1 0 0 0 0 4 1 6 1 0 0 | 0.008982282498124987
0 0 4 2 2 2 0 0 5 2 2 2 3 2 0 0 0 0 1 2 1 2 6 2 0 0 3 1 1 2 0 0 0 0 0 0 0 0 0 0 1 2 0 0 0 0 0 0 1 2 0 0 0 0 0 0 5 1 0 0 0 0 0 0 0 0 0 0 0 0 0 0 0 0 0 0 0 0 0 0 0 0 0 0 3 1 0 0 1 1 0 0 0 0 0 0 1 1 1 1 0 0 0 0 0 0 0 0 0 0 1 1 0 0 0 0 4 1 0 0 0 0 4 1 6 1 0 0 | 0.012885643826874977
0 0 4 2 2 2 0 0 5 2 0 0 3 2 0 0 0 0 1 2 1 2 6 2 0 0 3 1 1 2 0 0 0 0 0 0 0 0 2 2 1 2 0 0 0 0 0 0 1 2 0 0 0 0 0 0 5 1 0 0 0 0 0 0 0 0 0 0 0 0 0 0 0 0 0 0 0 0 0 0 0 0 0 0 3 1 0 0 1 1 0 0 0 0 0 0 1 1 1 1 0 0 0 0 0 0 0 0 0 0 1 1 0 0 0 0 0 0 4 1 0 0 4 1 6 1 0 0 | 0.0247007271078125
0 0 4 2 2 2 0 0 0 0 0 0 3 2 0 0 0 0 1 2 1 2 6 2 0 0 0 0 1 2 0 0 0 0 0 0 0 0 3 1 1 2 0 0 5 2 0 0 1 2 0 0 0 0 0 0 5 1 0 0 0 0 0 0 0 0 0 0 0 0 0 0 0 0 0 0 0 0 0 0 0 0 0 0 3 1 0 0 1 1 0 0 0 0 0 0 1 1 1 1 0 0 0 0 0 0 0 0 0 0 1 1 0 0 0 0 0 0 4 1 0 0 4 1 6 1 0 0 | 0.024249597107812507
0 0 4 2 2 2 0 0 0 0 0 0 3 2 0 0 0 0 1 2 0 0 6 2 0 0 0 0 1 2 0 0 0 0 0 0 0 0 1 2 1 2 0 0 5 2 0 0 1 2 0 0 0 0 0 0 5 1 0 0 0 0 0 0 0 0 0 0 0 0 0 0 0 0 0 0 0 0 0 0 0 0 0 0 3 1 0 0 1 1 0 0 0 0 0 0 1 1 1 1 0 0 0 0 0 0 0 0 0 0 1 1 0 0 0 0 0 0 4 1 0 0 4 1 0 0 6 1 | 0.014815979057500013
0 0 4 2 2 2 0 0 6 2 0 0 3 2 0 0 0 0 1 2 0 0 0 0 0 0 0 0 1 2 0 0 0 0 0 0 0 0 5 1 1 2 0 0 5 2 0 0 1 2 0 0 0 0 0 0 0 0 0 0 0 0 0 0 0 0 0 0 0 0 0 0 0 0 0 0 0 0 0 0 0 0 0 0 3 1 0 0 1 1 0 0 0 0 0 0 1 1 1 1 0 0 0 0 0 0 0 0 0 0 1 1 0 0 0 0 0 0 4 1 0 0 4 1 0 0 6 1 | 1.0
4 2 0 0 2 2 5 2 6 2 2 2 3 2 4 2 1 2 1 2 1 2 1 2 1 2 1 2 1 2 1 2 0 0 0 0 3 2 0 0 0 0 0 0 0 0 0 0 0 0 0 0 0 0 0 0 0 0 0 0 0 0 0 0 0 0 0 0 0 0 1 1 0 0 0 0 0 0 0 0 0 0 0 0 0 0 0 0 0 0 0 0 0 0 0 0 1 1 1 1 1 1 0 0 1 1 1 1 1 1 1 1 4 1 3 1 2 1 5 1 6 1 2 1 3 1 4 1 | 0.0011564373687500086
4 2 0 0 2 2 5 2 6 2 2 2 0 0 4 2 1 2 1 2 1 2 1 2 1 2 1 2 1 2 1 2 0 0 0 0 3 2 0 0 0 0 3 2 0 0 0 0 0 0 0 0 0 0 0 0 0 0 0 0 0 0 0 0 0 0 0 0 0 0 1 1 0 0 0 0 0 0 0 0 0 0 0 0 0 0 0 0 0 0 3 1 0 0 0 0 1 1 1 1 1 1 0 0 1 1 1 1 1 1 1 1 4 1 3 1 2 1 5 1 6 1 2 1 0 0 4 1 | 0.001156437368750017
0 0 4 2 2 2 5 2 6 2 2 2 0 0 4 2 1 2 1 2 1 2 1 2 1 2 1 2 1 2 1 2 0 0 0 0 3 2 0 0 0 0 3 2 0 0 0 0 0 0 0 0 0 0 0 0 0 0 0 0 0 0 0 0 0 0 0 0 0 0 1 1 0 0 0 0 0 0 0 0 0 0 0 0 3 1 0 0 0 0 3 1 0 0 0 0 1 1 1 1 1 1 0 0 1 1 1 1 1 1 1 1 4 1 0 0 2 1 5 1 6 1 2 1 0 0 4 1 | 0.001550447368749995
0 0 4 2 2 2 5 2 6 2 2 2 4 2 0 0 1 2 1 2 1 2 1 2 1 2 1 2 1 2 0 0 0 0 0 0 3 2 0 0 0 0 3 2 0 0 0 0 0 0 0 0 0 0 0 0 0 0 0 0 0 0 1 2 0 0 0 0 0 0 1 1 1 1 0 0 0 0 0 0 0 0 0 0 3 1 2 1 0 0 3 1 0 0 0 0 1 1 1 1 1 1 0 0 0 0 1 1 1 1 1 1 4 1 0 0 2 1 5 1 6 1 0 0 0 0 4 1 | 0.0011244216537500487
0 0 4 2 2 2 5 2 6 2 2 2 4 2 0 0 1 2 1 2 1 2 1 2 1 2 1 2 1 2 0 0 0 0 0 0 3 2 0 0 0 0 0 0 0 0 0 0 0 0 0 0 0 0 0 0 1 1 0 0 0 0 1 2 0 0 0 0 0 0 1 1 0 0 0 0 3 2 0 0 0 0 0 0 3 1 2 1 0 0 3 1 0 0 0 0 1 1 1 1 1 1 0 0 0 0 1 1 1 1 1 1 4 1 0 0 2 1 5 1 6 1 0 0 0 0 4 1 | 0.0011554289193750154
0 0 4 2 2 2 5 2 6 2 2 2 4 2 0 0 0 0 1 2 1 2 1 2 1 2 1 2 1 2 0 0 0 0 0 0 3 2 0 0 0 0 0 0 0 0 0 0 1 2 0 0 0 0 0 0 1 1 0 0 0 0 1 2 0 0 0 0 0 0 1 1 0 0 0 0 3 2 0 0 0 0 0 0 3 1 2 1 0 0 3 1 0 0 0 0 1 1 1 1 1 1 0 0 0 0 1 1 1 1 1 1 4 1 0 0 2 1 5 1 0 0 4 1 6 1 0 0 | 0.0018149788356249905
0 0 4 2 2 2 5 2 6 2 2 2 4 2 0 0 0 0 1 2 1 2 1 2 0 0 1 2 1 2 0 0 0 0 0 0 3 2 0 0 1 2 0 0 0 0 0 0 1 2 0 0 0 0 0 0 1 1 0 0 0 0 1 2 0 0 0 0 0 0 1 1 0 0 0 0 3 2 0 0 0 0 0 0 3 1 2 1 0 0 3 1 0 0 0 0 1 1 1 1 1 1 0 0 0 0 1 1 1 1 1 1 4 1 0 0 2 1 5 1 4 1 0 0 6 1 0 0 | 0.0027496264137500297
0 0 4 2 2 2 0 0 6 2 2 2 4 2 0 0 0 0 1 2 1 2 1 2 5 2 1 2 1 2 0 0 0 0 0 0 3 2 0 0 1 2 0 0 0 0 0 0 1 2 3 1 0 0 0 0 1 1 0 0 0 0 1 2 0 0 0 0 0 0 1 1 0 0 0 0 3 2 0 0 0 0 0 0 0 0 2 1 0 0 3 1 0 0 0 0 1 1 1 1 1 1 0 0 0 0 1 1 1 1 1 1 4 1 0 0 2 1 5 1 4 1 0 0 6 1 0 0 | 0.004702713851875023
0 0 4 2 2 2 6 2 0 0 2 2 4 2 0 0 0 0 1 2 3 1 1 2 5 2 1 2 1 2 0 0 0 0 0 0 3 2 0 0 1 2 0 0 0 0 0 0 1 2 0 0 0 0 0 0 1 1 0 0 0 0 1 2 0 0 0 0 0 0 1 1 0 0 0 0 3 2 0 0 0 0 0 0 0 0 2 1 0 0 3 1 0 0 0 0 1 1 1 1 1 1 0 0 0 0 1 1 1 1 1 1 4 1 0 0 2 1 5 1 4 1 0 0 6 1 0 0 | 0.010111941776250006
0 0 4 2 2 2 6 2 0 0 2 2 4 2 0 0 0 0 1 2 0 0 0 0 5 2 1 2 1 2 0 0 0 0 0 0 3 2 0 0 1 2 0 0 0 0 0 0 1 2 3 1 0 0 1 2 1 1 0 0 0 0 1 2 0 0 0 0 0 0 1 1 0 0 0 0 3 2 0 0 0 0 0 0 0 0 2 1 0 0 3 1 0 0 0 0 1 1 1 1 1 1 0 0 0 0 1 1 1 1 1 1 4 1 0 0 2 1 5 1 4 1 0 0 6 1 0 0 | 0.006224724114375005
0 0 4 2 2 2 6 2 0 0 2 2 4 2 0 0 0 0 1 2 0 0 0 0 0 0 1 2 1 2 0 0 0 0 0 0 3 2 1 1 1 2 5 2 0 0 0 0 1 2 3 1 0 0 0 0 0 0 0 0 0 0 1 2 0 0 0 0 0 0 1 1 0 0 0 0 3 2 0 0 0 0 0 0 0 0 2 1 0 0 3 1 0 0 0 0 1 1 1 1 1 1 0 0 0 0 1 1 1 1 1 1 4 1 0 0 2 1 5 1 4 1 0 0 6 1 0 0 | 0.015432740166249993
0 0 4 2 2 2 6 2 0 0 2 2 4 2 0 0 0 0 1 2 0 0 0 0 0 0 1 2 1 2 0 0 0 0 0 0 3 2 1 1 1 2 0 0 0 0 0 0 1 2 3 1 0 0 0 0 0 0 0 0 5 2 1 2 0 0 0 0 0 0 1 1 0 0 0 0 3 2 0 0 0 0 0 0 0 0 2 1 0 0 3 1 0 0 0 0 1 1 1 1 1 1 0 0 0 0 1 1 1 1 1 1 4 1 0 0 0 0 5 1 4 1 0 0 6 1 0 0 | 0.03985101290624998
0 0 4 2 2 2 6 2 0 0 2 2 4 2 0 0 0 0 1 2 0 0 0 0 0 0 1 2 1 2 0 0 0 0 0 0 3 2 1 1 1 2 3 2 0 0 0 0 1 2 3 1 0 0 0 0 0 0 0 0 3 1 1 2 0 0 0 0 0 0 1 1 0 0 0 0 0 0 0 0 0 0 0 0 0 0 2 1 0 0 0 0 0 0 0 0 1 1 1 1 1 1 0 0 0 0 1 1 1 1 1 1 4 1 0 0 0 0 5 1 4 1 0 0 6 1 0 0 | 0.04577519696499998
0 0 4 2 2 2 0 0 6 2 2 2 4 2 0 0 0 0 1 2 0 0 0 0 0 0 3 1 1 2 0 0 0 0 0 0 3 2 1 1 1 2 3 2 0 0 0 0 1 2 3 1 0 0 0 0 0 0 0 0 0 0 1 2 0 0 0 0 0 0 1 1 0 0 0 0 0 0 0 0 0 0 0 0 0 0 2 1 0 0 0 0 0 0 0 0 1 1 1 1 1 1 0 0 0 0 1 1 1 1 1 1 4 1 0 0 0 0 5 1 4 1 0 0 6 1 0 0 | 0.050212014938749994
0 0 4 2 2 2 0 0 6 2 2 2 4 2 0 0 0 0 1 2 0 0 0 0 0 0 0 0 1 2 0 0 0 0 0 0 0 0 1 1 1 2 3 2 0 0 0 0 1 2 3 1 0 0 0 0 3 2 0 0 0 0 1 2 0 0 0 0 0 0 1 1 0 0 0 0 0 0 0 0 0 0 0 0 0 0 2 1 0 0 0 0 0 0 0 0 1 1 1 1 1 1 0 0 0 0 1 1 1 1 1 1 4 1 0 0 0 0 5 1 4 1 0 0 6 1 0 0 | 0.04634951221062497
0 0 4 2 2 2 0 0 6 2 2 2 4 2 0 0 0 0 1 2 0 0 0 0 0 0 0 0 1 2 0 0 0 0 0 0 0 0 1 1 1 2 0 0 0 0 0 0 1 2 3 1 0 0 3 2 1 1 0 0 0 0 1 2 0 0 0 0 0 0 0 0 0 0 0 0 0 0 0 0 0 0 0 0 0 0 2 1 0 0 0 0 0 0 0 0 1 1 1 1 1 1 0 0 0 0 1 1 1 1 1 1 4 1 0 0 0 0 5 1 4 1 0 0 6 1 0 0 | 0.04906468542999997
0 0 4 2 2 2 0 0 0 0 2 2 4 2 0 0 0 0 1 2 0 0 6 2 0 0 0 0 1 2 0 0 0 0 0 0 0 0 1 1 1 2 0 0 0 0 0 0 1 2 3 1 0 0 3 2 1 1 0 0 0 0 5 1 0 0 0 0 0 0 0 0 0 0 0 0 0 0 0 0 0 0 0 0 0 0 2 1 0 0 0 0 0 0 0 0 1 1 1 1 1 1 0 0 0 0 1 1 1 1 1 1 4 1 0 0 0 0 0 0 4 1 0 0 6 1 0 0 | 0.05087832042999997
0 0 4 2 2 2 0 0 0 0 0 0 4 2 0 0 0 0 1 2 0 0 6 2 2 2 5 1 1 2 0 0 0 0 0 0 0 0 1 1 1 2 0 0 0 0 0 0 1 2 3 1 0 0 3 2 1 1 0 0 0 0 0 0 0 0 0 0 0 0 0 0 0 0 0 0 0 0 0 0 0 0 0 0 0 0 2 1 0 0 0 0 0 0 0 0 1 1 1 1 1 1 0 0 0 0 1 1 1 1 1 1 4 1 0 0 0 0 0 0 4 1 0 0 6 1 0 0 | 0.07048622697999998
0 0 4 2 2 2 0 0 0 0 0 0 5 1 0 0 0 0 1 2 0 0 6 2 0 0 0 0 1 2 0 0 0 0 0 0 0 0 2 2 1 2 0 0 0 0 0 0 1 2 3 1 0 0 3 2 1 1 0 0 0 0 0 0 0 0 0 0 0 0 0 0 0 0 0 0 0 0 0 0 0 0 0 0 0 0 2 1 0 0 0 0 0 0 0 0 1 1 1 1 1 1 0 0 0 0 1 1 1 1 1 1 4 1 0 0 0 0 0 0 4 1 0 0 6 1 0 0 | 0.08105430406999999
0 0 4 2 2 2 0 0 0 0 0 0 0 0 0 0 0 0 1 2 0 0 0 0 0 0 0 0 5 1 0 0 0 0 0 0 6 2 2 2 1 2 0 0 0 0 0 0 1 2 3 1 0 0 3 2 1 1 0 0 0 0 0 0 0 0 0 0 0 0 0 0 0 0 0 0 0 0 0 0 0 0 0 0 0 0 2 1 0 0 0 0 0 0 0 0 1 1 1 1 1 1 0 0 0 0 1 1 1 1 1 1 4 1 0 0 0 0 0 0 4 1 0 0 6 1 0 0 | 0.08667691573124996
0 0 4 2 2 2 0 0 0 0 0 0 0 0 0 0 0 0 0 0 0 0 0 0 0 0 0 0 5 1 0 0 0 0 1 2 6 2 1 1 1 2 0 0 0 0 0 0 1 2 3 1 0 0 3 2 0 0 0 0 0 0 0 0 0 0 0 0 0 0 0 0 0 0 0 0 0 0 0 0 0 0 0 0 0 0 2 1 0 0 0 0 0 0 0 0 1 1 1 1 1 1 0 0 0 0 1 1 1 1 1 1 4 1 0 0 0 0 0 0 4 1 0 0 6 1 0 0 | 0.09226249757812496
0 0 4 2 2 2 0 0 0 0 0 0 0 0 0 0 0 0 0 0 0 0 0 0 0 0 0 0 5 1 0 0 0 0 1 2 6 2 1 1 0 0 0 0 0 0 0 0 1 2 3 1 0 0 3 2 1 2 0 0 0 0 0 0 0 0 0 0 1 1 0 0 0 0 0 0 0 0 0 0 0 0 0 0 0 0 2 1 0 0 0 0 0 0 0 0 1 1 1 1 0 0 0 0 0 0 1 1 1 1 1 1 4 1 0 0 0 0 0 0 4 1 0 0 6 1 0 0 | 0.10238012732999996
0 0 4 2 2 2 0 0 0 0 0 0 0 0 0 0 0 0 0 0 0 0 0 0 0 0 0 0 5 1 0 0 0 0 1 2 0 0 1 1 0 0 0 0 0 0 0 0 1 2 3 1 0 0 6 2 1 2 0 0 0 0 0 0 0 0 0 0 0 0 0 0 0 0 0 0 0 0 0 0 0 0 0 0 0 0 2 1 0 0 0 0 0 0 0 0 1 1 1 1 0 0 0 0 0 0 1 1 1 1 1 1 4 1 0 0 0 0 0 0 4 1 0 0 6 1 0 0 | 0.10617026082124997
0 0 4 2 2 2 0 0 0 0 0 0 0 0 0 0 0 0 0 0 0 0 0 0 0 0 0 0 0 0 0 0 0 0 1 2 6 2 1 1 0 0 0 0 0 0 0 0 1 2 3 1 0 0 0 0 5 1 0 0 0 0 0 0 0 0 0 0 0 0 0 0 0 0 0 0 0 0 0 0 0 0 0 0 0 0 2 1 0 0 0 0 0 0 0 0 1 1 1 1 0 0 0 0 0 0 1 1 1 1 1 1 4 1 0 0 0 0 0 0 4 1 0 0 6 1 0 0 | 0.10770468582124999
0 0 4 2 2 2 0 0 0 0 0 0 0 0 0 0 0 0 0 0 0 0 6 2 0 0 0 0 0 0 0 0 0 0 1 2 0 0 1 1 0 0 0 0 0 0 0 0 1 2 3 1 0 0 0 0 0 0 0 0 0 0 0 0 0 0 0 0 0 0 0 0 5 1 0 0 0 0 0 0 0 0 0 0 0 0 2 1 0 0 0 0 0 0 0 0 1 1 1 1 0 0 0 0 0 0 1 1 1 1 1 1 4 1 0 0 0 0 0 0 4 1 0 0 6 1 0 0 | 1.0
0 0 4 2 2 2 0 0 0 0 0 0 0 0 0 0 0 0 0 0 0 0 0 0 5 1 0 0 0 0 0 0 0 0 1 2 6 2 1 1 0 0 0 0 0 0 0 0 1 2 3 1 0 0 0 0 0 0 0 0 0 0 0 0 0 0 0 0 0 0 0 0 0 0 0 0 0 0 0 0 0 0 0 0 0 0 2 1 0 0 0 0 0 0 0 0 1 1 1 1 0 0 0 0 0 0 1 1 1 1 1 1 4 1 0 0 0 0 0 0 4 1 0 0 6 1 0 0 | 0.10586337582124998
0 0 4 2 2 2 0 0 0 0 0 0 0 0 0 0 0 0 0 0 5 1 0 0 0 0 0 0 0 0 0 0 0 0 1 2 0 0 1 1 0 0 0 0 0 0 0 0 1 2 3 1 0 0 6 2 0 0 0 0 0 0 0 0 0 0 0 0 0 0 0 0 0 0 0 0 0 0 0 0 0 0 0 0 0 0 2 1 0 0 0 0 0 0 0 0 1 1 1 1 0 0 0 0 0 0 1 1 1 1 1 1 4 1 0 0 0 0 0 0 4 1 0 0 6 1 0 0 | 1.0
0 0 4 2 2 2 0 0 0 0 0 0 0 0 0 0 0 0 0 0 5 1 1 1 0 0 0 0 0 0 0 0 0 0 1 2 0 0 0 0 0 0 0 0 0 0 0 0 0 0 3 1 0 0 6 2 0 0 0 0 0 0 0 0 1 2 0 0 0 0 0 0 0 0 0 0 0 0 0 0 0 0 0 0 0 0 2 1 0 0 0 0 0 0 0 0 1 1 1 1 0 0 0 0 0 0 1 1 1 1 1 1 4 1 0 0 0 0 0 0 4 1 0 0 6 1 0 0 | 1.0
0 0 4 2 0 0 5 1 0 0 0 0 0 0 0 0 0 0 0 0 5 1 2 2 0 0 0 0 0 0 0 0 0 0 1 2 0 0 0 0 0 0 0 0 0 0 0 0 0 0 3 1 0 0 6 2 0 0 0 0 0 0 0 0 1 2 0 0 0 0 0 0 0 0 0 0 0 0 0 0 0 0 0 0 0 0 2 1 0 0 0 0 0 0 0 0 1 1 1 1 0 0 0 0 0 0 1 1 1 1 1 1 4 1 0 0 0 0 0 0 4 1 0 0 6 1 0 0 | 1.0
4 2 0 0 2 2 5 2 6 2 2 2 3 2 4 2 1 2 1 2 1 2 1 2 1 2 1 2 1 2 1 2 0 0 0 0 0 0 0 0 0 0 0 0 0 0 0 0 0 0 2 1 0 0 0 0 3 2 0 0 0 0 0 0 0 0 0 0 0 0 0 0 1 1 0 0 0 0 0 0 0 0 0 0 0 0 0 0 0 0 0 0 0 0 0 0 1 1 1 1 1 1 1 1 0 0 1 1 1 1 1 1 4 1 3 1 2 1 5 1 6 1 0 0 3 1 4 1 | 0.004069673359374997
4 2 0 0 2 2 5 2 6 2 2 2 3 2 4 2 1 2 1 2 1 2 1 2 1 2 1 2 1 2 1 2 0 0 0 0 0 0 0 0 0 0 0 0 3 2 0 0 0 0 2 1 0 0 0 0 0 0 0 0 0 0 0 0 0 0 0 0 0 0 1 1 1 1 0 0 0 0 0 0 0 0 0 0 0 0 0 0 0 0 0 0 0 0 0 0 1 1 1 1 1 1 0 0 0 0 1 1 1 1 1 1 4 1 3 1 2 1 5 1 6 1 0 0 3 1 4 1 | 0.005186910096875001
4 2 0 0 2 2 5 2 6 2 2 2 0 0 4 2 1 2 1 2 1 2 1 2 1 2 1 2 1 2 1 2 0 0 0 0 0 0 0 0 0 0 3 2 3 2 0 0 0 0 0 0 0 0 0 0 0 0 0 0 0 0 0 0 0 0 0 0 2 1 1 1 1 1 0 0 0 0 0 0 0 0 0 0 0 0 0 0 0 0 0 0 0 0 0 0 1 1 1 1 1 1 0 0 0 0 1 1 1 1 1 1 4 1 3 1 2 1 5 1 6 1 0 0 3 1 4 1 | 0.003952376699375015
0 0 4 2 2 2 5 2 6 2 2 2 0 0 4 2 1 2 1 2 1 2 1 2 1 2 1 2 1 2 1 2 0 0 0 0 0 0 0 0 0 0 3 2 3 2 0 0 0 0 0 0 0 0 0 0 0 0 0 0 0 0 0 0 0 0 0 0 2 1 1 1 1 1 0 0 0 0 0 0 0 0 0 0 0 0 0 0 0 0 5 1 0 0 0 0 1 1 1 1 1 1 0 0 0 0 1 1 1 1 1 1 4 1 3 1 2 1 0 0 6 1 0 0 3 1 4 1 | 0.014971992449999996
0 0 4 2 2 2 5 2 6 2 2 2 4 2 0 0 1 2 1 2 1 2 1 2 1 2 1 2 1 2 1 2 0 0 0 0 0 0 0 0 0 0 3 2 3 2 0 0 0 0 0 0 0 0 0 0 0 0 0 0 2 1 0 0 0 0 0 0 2 1 1 1 1 1 0 0 0 0 0 0 0 0 0 0 0 0 0 0 0 0 5 1 0 0 0 0 1 1 1 1 1 1 0 0 0 0 1 1 1 1 1 1 4 1 3 1 0 0 0 0 6 1 0 0 3 1 4 1 | 0.015088154450000016
0 0 4 2 2 2 5 2 6 2 2 2 4 2 0 0 1 2 1 2 1 2 1 2 1 2 1 2 1 2 1 2 0 0 0 0 0 0 0 0 0 0 3 2 0 0 0 0 0 0 0 0 0 0 0 0 3 2 0 0 2 1 0 0 0 0 0 0 2 1 1 1 0 0 0 0 0 0 0 0 0 0 0 0 0 0 0 0 0 0 5 1 0 0 0 0 1 1 1 1 1 1 0 0 0 0 1 1 1 1 1 1 4 1 3 1 0 0 0 0 6 1 0 0 3 1 4 1 | 0.009877207742187488
0 0 4 2 2 2 5 2 6 2 2 2 4 2 0 0 1 2 1 2 1 2 0 0 1 2 1 2 1 2 1 2 0 0 0 0 0 0 0 0 0 0 3 2 0 0 0 0 0 0 0 0 0 0 1 2 1 1 0 0 2 1 0 0 0 0 0 0 2 1 0 0 0 0 0 0 0 0 0 0 0 0 0 0 0 0 0 0 0 0 5 1 0 0 0 0 1 1 1 1 1 1 0 0 0 0 1 1 1 1 1 1 4 1 3 1 0 0 0 0 6 1 0 0 3 1 4 1 | 0.024336444137499975
0 0 4 2 2 2 0 0 6 2 2 2 4 2 0 0 1 2 1 2 1 2 0 0 1 2 1 2 1 2 1 2 0 0 0 0 0 0 5 2 0 0 3 2 0 0 0 0 0 0 0 0 0 0 0 0 0 0 0 0 2 1 0 0 0 0 0 0 2 1 0 0 0 0 0 0 0 0 0 0 0 0 0 0 0 0 0 0 0 0 5 1 0 0 0 0 1 1 1 1 1 1 0 0 0 0 1 1 1 1 1 1 4 1 3 1 0 0 0 0 6 1 0 0 3 1 4 1 | 0.022571598390624982
0 0 4 2 2 2 0 0 6 2 2 2 4 2 0 0 1 2 1 2 1 2 0 0 1 2 1 2 0 0 1 2 0 0 0 0 0 0 5 2 0 0 1 2 0 0 0 0 0 0 0 0 0 0 0 0 0 0 0 0 0 0 0 0 0 0 0 0 2 1 0 0 0 0 0 0 0 0 0 0 0 0 0 0 0 0 0 0 0 0 5 1 0 0 0 0 1 1 1 1 1 1 0 0 0 0 1 1 1 1 1 1 4 1 3 1 0 0 0 0 6 1 0 0 3 1 4 1 | 0.012479645285000007
0 0 4 2 2 2 0 0 6 2 2 2 0 0 0 0 1 2 1 2 1 2 0 0 1 2 1 2 0 0 1 2 0 0 0 0 0 0 5 2 0 0 1 2 0 0 0 0 0 0 0 0 0 0 0 0 0 0 0 0 0 0 5 1 0 0 0 0 2 1 0 0 0 0 0 0 0 0 0 0 0 0 0 0 0 0 0 0 0 0 0 0 0 0 0 0 1 1 1 1 1 1 0 0 0 0 1 1 4 2 1 1 4 1 3 1 0 0 0 0 6 1 0 0 3 1 4 1 | 0.006434833945312501
0 0 4 2 2 2 0 0 0 0 2 2 0 0 0 0 1 2 1 2 1 2 6 2 1 2 5 1 0 0 1 2 0 0 0 0 0 0 5 2 0 0 1 2 0 0 0 0 0 0 0 0 0 0 0 0 0 0 0 0 0 0 0 0 0 0 0 0 2 1 0 0 0 0 0 0 0 0 0 0 0 0 0 0 0 0 0 0 0 0 0 0 0 0 0 0 1 1 1 1 1 1 0 0 0 0 1 1 4 2 1 1 4 1 3 1 0 0 0 0 6 1 0 0 3 1 4 1 | 0.019797365184375
0 0 4 2 2 2 0 0 0 0 5 1 0 0 0 0 1 2 1 2 1 2 6 2 1 2 0 0 0 0 1 2 0 0 0 0 0 0 0 0 0 0 1 2 0 0 0 0 0 0 0 0 0 0 0 0 5 2 0 0 0 0 0 0 0 0 0 0 2 1 0 0 0 0 0 0 0 0 0 0 0 0 0 0 0 0 0 0 0 0 0 0 0 0 0 0 1 1 1 1 1 1 0 0 0 0 1 1 4 2 1 1 4 1 3 1 0 0 0 0 6 1 0 0 3 1 4 1 | 0.01976215718437499
0 0 4 2 2 2 0 0 0 0 5 1 0 0 0 0 1 2 1 2 1 2 6 2 1 2 0 0 0 0 1 2 0 0 0 0 0 0 0 0 0 0 1 2 0 0 0 0 0 0 0 0 0 0 0 0 5 2 0 0 0 0 0 0 0 0 0 0 2 1 0 0 0 0 0 0 0 0 0 0 0 0 0 0 0 0 0 0 0 0 0 0 0 0 0 0 1 1 1 1 1 1 0 0 0 0 1 1 0 0 1 1 4 1 3 1 0 0 0 0 0 0 6 1 4 2 4 1 | 0.029383248321874982
0 0 4 2 2 2 0 0 0 0 5 1 0 0 0 0 1 2 1 2 1 2 6 2 1 2 0 0 0 0 1 2 0 0 0 0 0 0 0 0 0 0 1 2 0 0 0 0 0 0 0 0 0 0 0 0 0 0 0 0 0 0 0 0 0 0 0 0 2 1 0 0 0 0 0 0 0 0 0 0 0 0 0 0 0 0 0 0 0 0 0 0 0 0 0 0 1 1 5 2 1 1 0 0 0 0 1 1 0 0 1 1 4 1 3 1 0 0 0 0 0 0 6 1 4 1 0 0 | 0.04283964258749999
0 0 4 2 2 2 0 0 0 0 5 1 0 0 0 0 1 2 1 2 1 2 6 2 1 2 0 0 0 0 1 2 0 0 0 0 0 0 0 0 0 0 1 2 0 0 0 0 0 0 0 0 0 0 0 0 0 0 0 0 0 0 0 0 0 0 0 0 2 1 0 0 0 0 0 0 0 0 0 0 0 0 0 0 1 1 0 0 0 0 0 0 0 0 0 0 1 1 0 0 0 0 0 0 0 0 1 1 0 0 1 1 5 2 3 1 0 0 0 0 0 0 6 1 4 1 0 0 | 0.021759879496874995
0 0 4 2 2 2 0 0 0 0 5 1 0 0 0 0 1 2 1 2 1 2 6 2 1 2 0 0 0 0 1 2 0 0 0 0 0 0 0 0 0 0 1 2 0 0 0 0 0 0 0 0 0 0 0 0 0 0 0 0 0 0 0 0 0 0 0 0 2 1 0 0 0 0 0 0 0 0 0 0 0 0 0 0 1 1 0 0 0 0 0 0 0 0 0 0 1 1 5 2 0 0 0 0 0 0 1 1 6 1 1 1 0 0 3 1 0 0 0 0 0 0 0 0 4 1 0 0 | 0.020013654496874998
0 0 4 2 2 2 0 0 0 0 0 0 0 0 0 0 1 2 1 2 1 2 6 2 1 2 0 0 5 1 1 2 0 0 5 2 0 0 0 0 0 0 1 2 0 0 0 0 0 0 0 0 0 0 0 0 0 0 0 0 0 0 0 0 0 0 0 0 2 1 0 0 0 0 0 0 0 0 0 0 0 0 0 0 1 1 0 0 0 0 0 0 0 0 0 0 1 1 0 0 0 0 0 0 0 0 1 1 6 1 1 1 0 0 3 1 0 0 0 0 0 0 0 0 4 1 0 0 | 0.011320793007187491
0 0 4 2 2 2 0 0 0 0 0 0 0 0 0 0 1 2 1 2 1 2 6 2 1 2 0 0 0 0 5 1 0 0 0 0 5 2 0 0 0 0 1 2 0 0 0 0 0 0 0 0 0 0 0 0 0 0 0 0 0 0 0 0 0 0 0 0 2 1 0 0 0 0 0 0 0 0 0 0 0 0 0 0 1 1 0 0 0 0 0 0 0 0 0 0 1 1 0 0 0 0 0 0 0 0 1 1 6 1 1 1 0 0 3 1 0 0 0 0 0 0 0 0 4 1 0 0 | 0.011925945205312516
0 0 4 2 2 2 0 0 0 0 0 0 0 0 0 0 1 2 1 2 1 2 6 2 1 2 0 0 0 0 5 1 0 0 0 0 0 0 0 0 0 0 1 2 0 0 0 0 0 0 0 0 0 0 0 0 0 0 0 0 0 0 0 0 0 0 0 0 5 2 0 0 0 0 0 0 0 0 0 0 0 0 0 0 1 1 0 0 0 0 1 1 0 0 0 0 1 1 0 0 0 0 0 0 0 0 0 0 6 1 1 1 0 0 3 1 0 0 0 0 0 0 0 0 4 1 0 0 | -0.0011812599318749895
0 0 4 2 2 2 0 0 0 0 0 0 0 0 0 0 1 2 1 2 1 2 0 0 1 2 0 0 0 0 5 1 0 0 0 0 0 0 0 0 6 2 1 2 0 0 0 0 0 0 0 0 0 0 0 0 0 0 0 0 0 0 0 0 0 0 0 0 5 2 0 0 0 0 0 0 0 0 0 0 0 0 0 0 1 1 0 0 0 0 1 1 0 0 0 0 1 1 0 0 0 0 0 0 0 0 0 0 6 1 1 1 0 0 3 1 0 0 4 1 0 0 0 0 0 0 0 0 | -0.00021915493187498703
0 0 4 2 2 2 0 0 0 0 0 0 0 0 0 0 1 2 1 2 1 2 0 0 1 2 0 0 0 0 0 0 0 0 0 0 0 0 0 0 6 2 1 2 0 0 0 0 0 0 0 0 0 0 0 0 0 0 0 0 0 0 0 0 0 0 0 0 0 0 0 0 5 2 0 0 0 0 0 0 0 0 0 0 1 1 0 0 0 0 1 1 0 0 0 0 1 1 0 0 0 0 0 0 0 0 0 0 6 1 1 1 0 0 3 1 0 0 4 1 0 0 0 0 0 0 0 0 | -0.004013099878125004
0 0 4 2 2 2 0 0 0 0 0 0 0 0 0 0 1 2 1 2 0 0 0 0 1 2 0 0 0 0 0 0 0 0 0 0 0 0 0 0 6 2 1 2 0 0 0 0 0 0 0 0 1 2 0 0 0 0 0 0 0 0 0 0 0 0 0 0 0 0 0 0 1 1 0 0 0 0 0 0 0 0 0 0 1 1 0 0 0 0 0 0 0 0 0 0 1 1 0 0 0 0 0 0 0 0 0 0 6 1 1 1 0 0 3 1 0 0 4 1 0 0 0 0 0 0 0 0 | -0.0027034922606249934
0 0 4 2 0 0 0 0 0 0 0 0 0 0 0 0 1 2 1 2 0 0 2 2 1 2 0 0 0 0 0 0 0 0 0 0 0 0 0 0 6 2 1 2 0 0 0 0 0 0 0 0 1 2 0 0 0 0 0 0 0 0 0 0 0 0 0 0 0 0 0 0 1 1 0 0 0 0 0 0 0 0 0 0 1 1 0 0 0 0 0 0 0 0 0 0 1 1 0 0 0 0 0 0 0 0 0 0 6 1 1 1 0 0 3 1 0 0 0 0 4 1 0 0 0 0 0 0 | -0.0038285252606250013
0 0 0 0 0 0 4 2 0 0 0 0 0 0 0 0 1 2 1 2 0 0 2 2 1 2 0 0 0 0 0 0 0 0 0 0 0 0 0 0 6 2 1 2 0 0 0 0 0 0 0 0 1 2 0 0 0 0 0 0 0 0 0 0 0 0 0 0 0 0 0 0 1 1 0 0 0 0 0 0 0 0 0 0 1 1 0 0 0 0 6 1 0 0 0 0 1 1 0 0 0 0 0 0 0 0 0 0 0 0 1 1 0 0 3 1 0 0 0 0 4 1 0 0 0 0 0 0 | -0.004807035260625008
0 0 0 0 0 0 4 2 0 0 0 0 0 0 0 0 1 2 0 0 0 0 2 2 1 2 0 0 0 0 0 0 0 0 0 0 0 0 0 0 6 2 1 2 0 0 0 0 0 0 1 2 1 2 0 0 0 0 0 0 0 0 0 0 0 0 0 0 0 0 0 0 1 1 0 0 0 0 0 0 0 0 0 0 1 1 0 0 0 0 6 1 0 0 0 0 1 1 0 0 0 0 0 0 0 0 0 0 0 0 1 1 0 0 3 1 0 0 4 1 0 0 0 0 0 0 0 0 | 0.009814182527812495
0 0 0 0 0 0 4 2 0 0 0 0 0 0 0 0 0 0 0 0 0 0 2 2 1 2 0 0 0 0 0 0 0 0 0 0 0 0 0 0 6 2 1 2 0 0 0 0 1 2 1 2 1 2 0 0 0 0 0 0 0 0 0 0 0 0 0 0 0 0 0 0 1 1 0 0 0 0 0 0 3 1 0 0 1 1 0 0 0 0 6 1 0 0 0 0 1 1 0 0 0 0 0 0 0 0 0 0 0 0 1 1 0 0 0 0 0 0 4 1 0 0 0 0 0 0 0 0 | 0.009868405154062496
0 0 0 0 0 0 4 2 0 0 0 0 0 0 0 0 0 0 0 0 0 0 2 2 1 2 0 0 0 0 0 0 0 0 0 0 0 0 0 0 6 2 1 2 0 0 0 0 1 2 0 0 1 2 0 0 0 0 0 0 0 0 0 0 0 0 0 0 1 2 0 0 1 1 0 0 0 0 0 0 3 1 0 0 0 0 0 0 0 0 6 1 0 0 0 0 1 1 0 0 0 0 0 0 0 0 0 0 0 0 1 1 0 0 0 0 0 0 4 1 0 0 0 0 0 0 0 0 | 0.004750245681249998
0 0 0 0 0 0 4 2 0 0 0 0 0 0 0 0 0 0 0 0 0 0 2 2 1 2 0 0 0 0 0 0 0 0 0 0 0 0 0 0 6 2 0 0 0 0 0 0 1 2 0 0 1 2 0 0 0 0 1 2 0 0 0 0 0 0 0 0 3 1 0 0 1 1 0 0 0 0 0 0 0 0 0 0 0 0 0 0 0 0 6 1 0 0 0 0 1 1 0 0 0 0 0 0 0 0 0 0 0 0 1 1 0 0 0 0 0 0 4 1 0 0 0 0 0 0 0 0 | 0.010707400115937498
0 0 0 0 0 0 4 2 0 0 0 0 0 0 0 0 0 0 0 0 0 0 2 2 1 2 0 0 0 0 0 0 0 0 0 0 0 0 0 0 0 0 0 0 0 0 0 0 1 2 0 0 1 2 0 0 0 0 6 2 0 0 0 0 0 0 0 0 3 1 0 0 0 0 0 0 0 0 0 0 0 0 0 0 0 0 0 0 0 0 6 1 0 0 0 0 1 1 0 0 0 0 0 0 0 0 0 0 0 0 1 1 0 0 0 0 0 0 4 1 0 0 0 0 0 0 0 0 | 0.0106261178028125
0 0 0 0 0 0 4 2 0 0 0 0 0 0 0 0 0 0 0 0 0 0 0 0 1 2 0 0 0 0 0 0 0 0 3 1 2 2 0 0 0 0 0 0 0 0 0 0 1 2 0 0 1 2 0 0 0 0 6 2 0 0 0 0 0 0 0 0 0 0 0 0 0 0 0 0 0 0 0 0 0 0 0 0 0 0 0 0 0 0 6 1 0 0 0 0 1 1 0 0 0 0 0 0 0 0 0 0 0 0 1 1 0 0 0 0 0 0 4 1 0 0 0 0 0 0 0 0 | -0.004398590624374992
0 0 0 0 0 0 0 0 0 0 0 0 0 0 0 0 0 0 0 0 0 0 0 0 1 2 0 0 0 0 0 0 0 0 0 0 2 2 4 2 0 0 0 0 0 0 0 0 1 2 0 0 1 2 3 1 0 0 6 2 0 0 0 0 0 0 0 0 0 0 0 0 0 0 0 0 0 0 0 0 0 0 0 0 0 0 0 0 0 0 6 1 0 0 0 0 1 1 0 0 0 0 0 0 0 0 0 0 0 0 1 1 0 0 0 0 0 0 4 1 0 0 0 0 0 0 0 0 | -0.0045151516243749825
0 0 0 0 0 0 0 0 0 0 0 0 0 0 0 0 0 0 0 0 0 0 0 0 1 2 0 0 0 0 0 0 0 0 0 0 0 0 4 2 0 0 0 0 0 0 0 0 1 2 0 0 1 2 2 2 0 0 6 2 0 0 0 0 0 0 0 0 0 0 0 0 0 0 0 0 0 0 1 1 0 0 0 0 0 0 0 0 0 0 6 1 0 0 0 0 1 1 0 0 0 0 0 0 0 0 0 0 0 0 0 0 0 0 0 0 0 0 4 1 0 0 0 0 0 0 0 0 | -0.004923527359999989
0 0 0 0 0 0 0 0 0 0 0 0 0 0 0 0 0 0 0 0 0 0 0 0 1 2 0 0 0 0 0 0 0 0 0 0 0 0 0 0 0 0 0 0 4 2 0 0 1 2 0 0 1 2 2 2 0 0 6 2 0 0 0 0 0 0 0 0 0 0 0 0 0 0 0 0 0 0 1 1 0 0 0 0 0 0 0 0 0 0 0 0 6 1 0 0 1 1 0 0 0 0 0 0 0 0 0 0 0 0 0 0 0 0 0 0 0 0 4 1 0 0 0 0 0 0 0 0 | -0.021543107338437503
0 0 0 0 0 0 0 0 0 0 0 0 0 0 0 0 0 0 0 0 0 0 0 0 1 2 0 0 0 0 0 0 0 0 0 0 0 0 0 0 0 0 0 0 4 2 0 0 1 2 0 0 1 2 0 0 0 0 6 2 0 0 0 0 0 0 0 0 0 0 0 0 0 0 0 0 0 0 1 1 0 0 0 0 0 0 0 0 0 0 0 0 0 0 6 1 2 2 0 0 0 0 0 0 0 0 0 0 0 0 0 0 0 0 0 0 0 0 4 1 0 0 0 0 0 0 0 0 | -0.023157673656249992
0 0 0 0 0 0 0 0 0 0 0 0 0 0 0 0 0 0 0 0 0 0 0 0 1 2 0 0 0 0 0 0 0 0 0 0 0 0 0 0 0 0 0 0 4 2 0 0 1 2 0 0 1 2 2 2 0 0 6 2 0 0 0 0 0 0 0 0 0 0 0 0 0 0 0 0 0 0 1 1 0 0 0 0 0 0 0 0 0 0 0 0 0 0 6 1 0 0 0 0 0 0 0 0 0 0 0 0 0 0 0 0 0 0 0 0 0 0 0 0 0 0 0 0 0 0 0 0 | -0.05176241110624999
0 0 0 0 0 0 0 0 0 0 0 0 0 0 0 0 0 0 0 0 0 0 0 0 1 2 0 0 0 0 0 0 0 0 0 0 0 0 0 0 4 2 0 0 0 0 0 0 1 2 0 0 1 2 2 2 0 0 6 2 0 0 1 1 0 0 0 0 0 0 0 0 0 0 0 0 0 0 0 0 0 0 0 0 0 0 0 0 0 0 0 0 0 0 6 1 0 0 0 0 0 0 0 0 0 0 0 0 0 0 0 0 0 0 0 0 0 0 0 0 0 0 0 0 0 0 0 0 | -0.05279454610624998
0 0 0 0 0 0 0 0 0 0 0 0 0 0 0 0 0 0 0 0 0 0 0 0 1 2 0 0 0 0 0 0 0 0 0 0 0 0 0 0 0 0 0 0 0 0 0 0 1 2 0 0 1 2 2 2 4 2 6 2 0 0 1 1 0 0 0 0 0 0 0 0 0 0 0 0 0 0 6 1 0 0 0 0 0 0 0 0 0 0 0 0 0 0 0 0 0 0 0 0 0 0 0 0 0 0 0 0 0 0 0 0 0 0 0 0 0 0 0 0 0 0 0 0 0 0 0 0 | -0.05332088360624999
0 0 0 0 0 0 0 0 0 0 0 0 0 0 0 0 0 0 0 0 0 0 0 0 0 0 0 0 0 0 0 0 0 0 0 0 0 0 0 0 1 2 0 0 0 0 1 1 1 2 0 0 1 2 2 2 4 2 6 2 0 0 0 0 0 0 0 0 0 0 0 0 0 0 0 0 0 0 6 1 0 0 0 0 0 0 0 0 0 0 0 0 0 0 0 0 0 0 0 0 0 0 0 0 0 0 0 0 0 0 0 0 0 0 0 0 0 0 0 0 0 0 0 0 0 0 0 0 | -0.05352164926874999
0 0 0 0 0 0 0 0 0 0 0 0 0 0 0 0 0 0 0 0 0 0 0 0 0 0 0 0 0 0 1 1 0 0 0 0 0 0 0 0 1 2 0 0 0 0 0 0 1 2 0 0 1 2 2 2 0 0 6 2 0 0 0 0 0 0 0 0 0 0 0 0 4 2 0 0 0 0 6 1 0 0 0 0 0 0 0 0 0 0 0 0 0 0 0 0 0 0 0 0 0 0 0 0 0 0 0 0 0 0 0 0 0 0 0 0 0 0 0 0 0 0 0 0 0 0 0 0 | -0.05359511122062499
0 0 0 0 0 0 0 0 0 0 0 0 0 0 0 0 0 0 0 0 0 0 0 0 0 0 0 0 0 0 1 1 0 0 0 0 0 0 0 0 1 2 0 0 0 0 0 0 1 2 0 0 1 2 2 2 0 0 6 2 0 0 6 1 0 0 0 0 0 0 0 0 0 0 0 0 0 0 4 2 0 0 0 0 0 0 0 0 0 0 0 0 0 0 0 0 0 0 0 0 0 0 0 0 0 0 0 0 0 0 0 0 0 0 0 0 0 0 0 0 0 0 0 0 0 0 0 0 | -0.026749916654999994
0 0 0 0 0 0 0 0 0 0 0 0 0 0 0 0 0 0 0 0 0 0 0 0 0 0 0 0 0 0 1 1 0 0 0 0 0 0 0 0 0 0 0 0 0 0 0 0 1 2 0 0 1 2 2 2 1 2 6 2 0 0 0 0 0 0 0 0 0 0 0 0 0 0 0 0 0 0 6 1 0 0 0 0 0 0 0 0 0 0 0 0 0 0 0 0 0 0 0 0 0 0 0 0 0 0 0 0 0 0 0 0 0 0 0 0 0 0 0 0 0 0 0 0 0 0 0 0 | 0.01140913759999999
0 0 0 0 0 0 0 0 0 0 0 0 0 0 5 1 0 0 0 0 0 0 0 0 0 0 0 0 0 0 0 0 0 0 0 0 0 0 0 0 0 0 0 0 0 0 0 0 1 2 0 0 1 2 2 2 0 0 6 2 0 0 0 0 0 0 0 0 0 0 0 0 1 2 0 0 0 0 6 1 0 0 0 0 0 0 0 0 0 0 0 0 0 0 0 0 0 0 0 0 0 0 0 0 0 0 0 0 0 0 0 0 0 0 0 0 0 0 0 0 0 0 0 0 0 0 0 0 | 0.0168841936
0 0 0 0 0 0 0 0 0 0 5 1 0 0 0 0 0 0 0 0 0 0 0 0 0 0 0 0 0 0 0 0 0 0 0 0 0 0 0 0 0 0 0 0 6 2 0 0 1 2 0 0 1 2 2 2 0 0 0 0 0 0 0 0 0 0 0 0 0 0 0 0 1 2 0 0 0 0 6 1 0 0 0 0 0 0 0 0 0 0 0 0 0 0 0 0 0 0 0 0 0 0 0 0 0 0 0 0 0 0 0 0 0 0 0 0 0 0 0 0 0 0 0 0 0 0 0 0 | 0.021115723906249998
0 0 0 0 0 0 0 0 5 1 0 0 0 0 0 0 0 0 0 0 0 0 0 0 0 0 0 0 0 0 0 0 0 0 0 0 0 0 0 0 0 0 0 0 0 0 0 0 1 2 0 0 1 2 2 2 0 0 6 2 0 0 0 0 0 0 0 0 0 0 0 0 1 2 0 0 0 0 6 1 0 0 0 0 0 0 0 0 0 0 0 0 0 0 0 0 0 0 0 0 0 0 0 0 0 0 0 0 0 0 0 0 0 0 0 0 0 0 0 0 0 0 0 0 0 0 0 0 | 0.022190907265625
0 0 0 0 0 0 0 0 0 0 0 0 0 0 0 0 0 0 0 0 0 0 5 1 0 0 0 0 0 0 0 0 0 0 0 0 0 0 0 0 2 2 0 0 0 0 0 0 1 2 0 0 1 2 0 0 0 0 6 2 0 0 0 0 0 0 0 0 0 0 0 0 1 2 0 0 0 0 6 1 0 0 0 0 0 0 0 0 0 0 0 0 0 0 0 0 0 0 0 0 0 0 0 0 0 0 0 0 0 0 0 0 0 0 0 0 0 0 0 0 0 0 0 0 0 0 0 0 | 0.03217112963593749
0 0 0 0 0 0 0 0 0 0 0 0 0 0 0 0 0 0 0 0 0 0 0 0 0 0 0 0 0 0 0 0 0 0 0 0 0 0 5 1 0 0 0 0 0 0 0 0 1 2 0 0 1 2 0 0 0 0 6 2 0 0 0 0 0 0 0 0 2 2 0 0 1 2 0 0 0 0 6 1 0 0 0 0 0 0 0 0 0 0 0 0 0 0 0 0 0 0 0 0 0 0 0 0 0 0 0 0 0 0 0 0 0 0 0 0 0 0 0 0 0 0 0 0 0 0 0 0 | 0.02143091140624999
0 0 0 0 0 0 0 0 0 0 0 0 0 0 0 0 0 0 0 0 0 0 0 0 0 0 0 0 0 0 0 0 0 0 0 0 0 0 0 0 0 0 0 0 6 2 0 0 1 2 0 0 5 1 0 0 0 0 0 0 0 0 0 0 0 0 0 0 2 2 0 0 1 2 0 0 0 0 6 1 0 0 0 0 0 0 0 0 0 0 0 0 0 0 0 0 0 0 0 0 0 0 0 0 0 0 0 0 0 0 0 0 0 0 0 0 0 0 0 0 0 0 0 0 0 0 0 0 | 0.03737816352499999
0 0 0 0 0 0 0 0 0 0 0 0 0 0 0 0 0 0 0 0 0 0 0 0 0 0 0 0 0 0 0 0 0 0 0 0 0 0 0 0 0 0 0 0 6 2 0 0 1 2 0 0 0 0 0 0 0 0 0 0 0 0 0 0 0 0 0 0 5 1 0 0 0 0 0 0 0 0 6 1 0 0 0 0 0 0 0 0 1 2 0 0 0 0 0 0 0 0 0 0 0 0 0 0 0 0 0 0 0 0 0 0 0 0 0 0 0 0 0 0 0 0 0 0 0 0 0 0 | 0.038403545337500004
0 0 0 0 0 0 0 0 0 0 0 0 0 0 0 0 0 0 0 0 0 0 0 0 0 0 6 2 0 0 0 0 0 0 0 0 0 0 0 0 0 0 0 0 0 0 0 0 1 2 0 0 0 0 0 0 0 0 0 0 0 0 0 0 0 0 0 0 0 0 0 0 5 1 0 0 0 0 6 1 0 0 0 0 0 0 0 0 1 2 0 0 0 0 0 0 0 0 0 0 0 0 0 0 0 0 0 0 0 0 0 0 0 0 0 0 0 0 0 0 0 0 0 0 0 0 0 0 | 0.04272539358281249
0 0 0 0 0 0 0 0 0 0 0 0 0 0 0 0 0 0 0 0 0 0 0 0 0 0 6 2 0 0 0 0 0 0 0 0 0 0 0 0 0 0 0 0 0 0 0 0 0 0 0 0 0 0 0 0 0 0 0 0 0 0 0 0 1 2 0 0 0 0 0 0 0 0 0 0 0 0 6 1 0 0 0 0 0 0 0 0 5 1 0 0 0 0 0 0 0 0 0 0 0 0 0 0 0 0 0 0 0 0 0 0 0 0 0 0 0 0 0 0 0 0 0 0 0 0 0 0 | 0.04364920084218749
0 0 0 0 0 0 0 0 0 0 0 0 0 0 0 0 0 0 0 0 0 0 0 0 0 0 0 0 0 0 0 0 0 0 0 0 0 0 0 0 0 0 0 0 6 2 0 0 0 0 0 0 0 0 0 0 0 0 0 0 0 0 0 0 1 2 0 0 0 0 0 0 0 0 0 0 0 0 6 1 5 1 0 0 0 0 0 0 0 0 0 0 0 0 0 0 0 0 0 0 0 0 0 0 0 0 0 0 0 0 0 0 0 0 0 0 0 0 0 0 0 0 0 0 0 0 0 0 | 0.04584594374999999
0 0 0 0 0 0 0 0 0 0 0 0 0 0 0 0 0 0 0 0 0 0 0 0 0 0 0 0 0 0 0 0 0 0 0 0 0 0 0 0 0 0 0 0 0 0 0 0 0 0 0 0 0 0 0 0 0 0 6 2 0 0 0 0 5 1 0 0 0 0 0 0 0 0 0 0 0 0 6 1 0 0 0 0 0 0 0 0 0 0 0 0 0 0 0 0 0 0 0 0 0 0 0 0 0 0 0 0 0 0 0 0 0 0 0 0 0 0 0 0 0 0 0 0 0 0 0 0 | 0.04869646875
0 0 0 0 0 0 0 0 0 0 0 0 0 0 0 0 0 0 0 0 0 0 0 0 0 0 0 0 0 0 0 0 0 0 0 0 0 0 0 0 0 0 0 0 6 2 0 0 0 0 0 0 0 0 0 0 0 0 0 0 0 0 0 0 5 1 0 0 0 0 0 0 0 0 0 0 0 0 0 0 0 0 0 0 0 0 0 0 0 0 0 0 6 1 0 0 0 0 0 0 0 0 0 0 0 0 0 0 0 0 0 0 0 0 0 0 0 0 0 0 0 0 0 0 0 0 0 0 | 0.04869646875
0 0 0 0 0 0 0 0 0 0 0 0 0 0 0 0 0 0 0 0 0 0 0 0 0 0 0 0 0 0 6 2 0 0 0 0 0 0 0 0 0 0 0 0 0 0 0 0 0 0 0 0 0 0 0 0 0 0 0 0 0 0 0 0 5 1 0 0 0 0 0 0 0 0 0 0 6 1 0 0 0 0 0 0 0 0 0 0 0 0 0 0 0 0 0 0 0 0 0 0 0 0 0 0 0 0 0 0 0 0 0 0 0 0 0 0 0 0 0 0 0 0 0 0 0 0 0 0 | 0.04869646875
0 0 0 0 0 0 0 0 0 0 0 0 6 2 0 0 0 0 0 0 0 0 0 0 0 0 0 0 0 0 0 0 0 0 0 0 0 0 0 0 0 0 0 0 0 0 0 0 0 0 0 0 0 0 0 0 0 0 0 0 6 1 0 0 5 1 0 0 0 0 0 0 0 0 0 0 0 0 0 0 0 0 0 0 0 0 0 0 0 0 0 0 0 0 0 0 0 0 0 0 0 0 0 0 0 0 0 0 0 0 0 0 0 0 0 0 0 0 0 0 0 0 0 0 0 0 0 0 | 0.04869646875
0 0 0 0 0 0 0 0 0 0 6 2 0 0 0 0 0 0 0 0 0 0 0 0 0 0 0 0 0 0 0 0 0 0 0 0 0 0 0 0 0 0 0 0 6 1 0 0 0 0 0 0 0 0 0 0 0 0 0 0 0 0 0 0 5 1 0 0 0 0 0 0 0 0 0 0 0 0 0 0 0 0 0 0 0 0 0 0 0 0 0 0 0 0 0 0 0 0 0 0 0 0 0 0 0 0 0 0 0 0 0 0 0 0 0 0 0 0 0 0 0 0 0 0 0 0 0 0 | 0.04869646875
5 1 0 0 0 0 0 0 0 0 0 0 0 0 0 0 0 0 0 0 0 0 0 0 6 2 0 0 0 0 0 0 0 0 0 0 0 0 0 0 0 0 0 0 6 1 0 0 0 0 0 0 0 0 0 0 0 0 0 0 0 0 0 0 0 0 0 0 0 0 0 0 0 0 0 0 0 0 0 0 0 0 0 0 0 0 0 0 0 0 0 0 0 0 0 0 0 0 0 0 0 0 0 0 0 0 0 0 0 0 0 0 0 0 0 0 0 0 0 0 0 0 0 0 0 0 0 0 | 0.04869646875
0 0 0 0 0 0 0 0 0 0 6 2 0 0 0 0 0 0 0 0 0 0 0 0 0 0 0 0 0 0 0 0 0 0 0 0 5 1 0 0 0 0 0 0 6 1 0 0 0 0 0 0 0 0 0 0 0 0 0 0 0 0 0 0 0 0 0 0 0 0 0 0 0 0 0 0 0 0 0 0 0 0 0 0 0 0 0 0 0 0 0 0 0 0 0 0 0 0 0 0 0 0 0 0 0 0 0 0 0 0 0 0 0 0 0 0 0 0 0 0 0 0 0 0 0 0 0 0 | 0.04869646875
4 2 3 2 2 2 5 2 6 2 2 2 0 0 4 2 1 2 1 2 1 2 1 2 1 2 1 2 1 2 1 2 0 0 0 0 0 0 0 0 0 0 3 2 0 0 0 0 0 0 0 0 0 0 0 0 0 0 0 0 0 0 0 0 0 0 0 0 0 0 0 0 1 1 0 0 0 0 0 0 0 0 0 0 0 0 0 0 0 0 0 0 0 0 0 0 1 1 1 1 1 1 1 1 0 0 1 1 1 1 1 1 4 1 3 1 2 1 5 1 6 1 2 1 3 1 4 1 | -0.0014490588656249914
4 2 0 0 2 2 5 2 6 2 2 2 0 0 4 2 1 2 1 2 1 2 1 2 1 2 1 2 1 2 1 2 0 0 0 0 3 2 0 0 0 0 0 0 0 0 0 0 0 0 0 0 0 0 0 0 0 0 0 0 2 1 0 0 0 0 0 0 0 0 1 1 3 2 0 0 0 0 0 0 0 0 0 0 0 0 0 0 0 0 0 0 0 0 0 0 1 1 1 1 1 1 0 0 0 0 1 1 1 1 1 1 4 1 3 1 0 0 5 1 6 1 2 1 3 1 4 1 | -0.0014889243937499957
0 0 4 2 2 2 5 2 6 2 2 2 0 0 4 2 1 2 1 2 1 2 1 2 1 2 1 2 1 2 1 2 0 0 0 0 3 2 0 0 0 0 0 0 0 0 0 0 0 0 0 0 0 0 0 0 0 0 0 0 0 0 0 0 0 0 0 0 0 0 1 1 3 2 0 0 0 0 0 0 0 0 0 0 0 0 0 0 2 1 0 0 0 0 0 0 1 1 1 1 1 1 0 0 0 0 1 1 1 1 1 1 4 1 3 1 0 0 5 1 6 1 2 1 3 1 4 1 | -0.004579304884374981
0 0 4 2 2 2 5 2 6 2 2 2 0 0 4 2 1 2 1 2 1 2 1 2 1 2 1 2 1 2 1 2 0 0 0 0 0 0 0 0 0 0 0 0 0 0 0 0 0 0 2 1 0 0 0 0 0 0 0 0 0 0 0 0 0 0 3 2 0 0 1 1 3 2 0 0 0 0 0 0 0 0 0 0 0 0 0 0 2 1 0 0 0 0 0 0 1 1 1 1 1 1 0 0 0 0 1 1 1 1 1 1 4 1 3 1 0 0 5 1 6 1 0 0 3 1 4 1 | -0.001076760393749973
0 0 4 2 2 2 5 2 6 2 2 2 0 0 4 2 1 2 0 0 1 2 1 2 1 2 1 2 1 2 1 2 1 2 0 0 0 0 0 0 0 0 0 0 0 0 0 0 0 0 0 0 0 0 0 0 0 0 0 0 0 0 0 0 0 0 3 2 0 0 1 1 3 2 0 0 0 0 0 0 0 0 0 0 0 0 0 0 2 1 0 0 0 0 0 0 1 1 1 1 1 1 0 0 0 0 1 1 1 1 1 1 4 1 3 1 0 0 5 1 6 1 0 0 3 1 4 1 | -0.01864754208906247
0 0 0 0 2 2 5 2 6 2 2 2 0 0 4 2 1 2 0 0 1 2 1 2 1 2 1 2 1 2 1 2 1 2 0 0 0 0 0 0 0 0 0 0 0 0 0 0 0 0 4 2 0 0 0 0 0 0 0 0 0 0 0 0 0 0 3 2 0 0 1 1 3 2 0 0 0 0 1 1 0 0 0 0 0 0 0 0 2 1 0 0 0 0 0 0 1 1 1 1 1 1 0 0 0 0 1 1 1 1 0 0 4 1 3 1 0 0 5 1 6 1 0 0 3 1 4 1 | -0.01984541227031249
0 0 0 0 2 2 5 2 6 2 2 2 0 0 4 2 1 2 0 0 1 2 1 2 1 2 1 2 1 2 1 2 1 2 0 0 0 0 0 0 0 0 0 0 0 0 0 0 0 0 0 0 0 0 4 2 0 0 0 0 0 0 0 0 0 0 3 2 0 0 1 1 3 2 0 0 0 0 1 1 0 0 0 0 0 0 0 0 2 1 0 0 1 1 0 0 1 1 1 1 1 1 0 0 0 0 1 1 0 0 0 0 4 1 3 1 0 0 5 1 6 1 0 0 3 1 4 1 | -0.02071869203593749
0 0 0 0 2 2 5 2 6 2 2 2 0 0 4 2 1 2 0 0 1 2 1 2 1 2 1 2 1 2 1 2 1 2 0 0 0 0 4 2 0 0 0 0 0 0 0 0 0 0 0 0 0 0 0 0 0 0 0 0 0 0 0 0 0 0 3 2 1 1 1 1 3 2 0 0 0 0 1 1 0 0 0 0 0 0 0 0 2 1 0 0 1 1 0 0 1 1 1 1 0 0 0 0 0 0 1 1 0 0 0 0 4 1 3 1 0 0 5 1 6 1 0 0 3 1 4 1 | -0.01998676486718747
0 0 0 0 2 2 5 2 6 2 2 2 4 2 0 0 1 2 0 0 1 2 1 2 1 2 1 2 1 2 1 2 1 2 0 0 0 0 4 2 0 0 0 0 0 0 0 0 0 0 0 0 0 0 0 0 0 0 0 0 0 0 0 0 0 0 3 2 1 1 1 1 3 2 0 0 0 0 1 1 0 0 0 0 0 0 0 0 0 0 0 0 1 1 0 0 1 1 1 1 0 0 0 0 0 0 1 1 0 0 0 0 4 1 3 1 2 1 5 1 6 1 0 0 3 1 4 1 | -0.021325219867187495
0 0 0 0 2 2 5 2 6 2 2 2 4 2 0 0 1 2 0 0 1 2 1 2 1 2 1 2 1 2 1 2 1 2 0 0 0 0 0 0 4 2 0 0 0 0 0 0 0 0 0 0 0 0 0 0 0 0 0 0 0 0 0 0 0 0 3 2 1 1 1 1 3 2 2 1 0 0 1 1 0 0 0 0 0 0 0 0 0 0 0 0 1 1 0 0 1 1 1 1 0 0 0 0 0 0 1 1 0 0 0 0 4 1 3 1 0 0 5 1 6 1 0 0 3 1 4 1 | -0.018212395267499962
0 0 0 0 2 2 5 2 6 2 2 2 4 2 0 0 1 2 0 0 1 2 1 2 1 2 1 2 1 2 1 2 1 2 0 0 0 0 0 0 4 2 0 0 0 0 0 0 0 0 0 0 0 0 0 0 0 0 0 0 0 0 0 0 0 0 0 0 1 1 1 1 3 2 2 1 0 0 1 1 0 0 0 0 0 0 3 2 0 0 0 0 1 1 0 0 1 1 1 1 0 0 0 0 0 0 1 1 0 0 0 0 4 1 3 1 0 0 0 0 6 1 0 0 3 1 4 1 | -0.06609300867812495
0 0 0 0 2 2 5 2 6 2 2 2 4 2 0 0 1 2 0 0 1 2 1 2 1 2 1 2 1 2 1 2 1 2 0 0 0 0 0 0 4 2 0 0 0 0 0 0 0 0 0 0 0 0 0 0 0 0 0 0 0 0 0 0 0 0 0 0 1 1 1 1 3 2 3 2 0 0 1 1 0 0 0 0 0 0 0 0 0 0 0 0 1 1 0 0 1 1 1 1 0 0 0 0 0 0 1 1 0 0 0 0 4 1 3 1 0 0 0 0 0 0 6 1 3 1 4 1 | -0.06628335135624998
0 0 0 0 2 2 5 2 6 2 2 2 4 2 0 0 1 2 0 0 1 2 1 2 1 2 0 0 1 2 1 2 1 2 0 0 0 0 0 0 4 2 0 0 0 0 0 0 0 0 0 0 0 0 0 0 0 0 1 2 0 0 0 0 0 0 0 0 1 1 1 1 3 2 1 1 0 0 1 1 0 0 0 0 0 0 0 0 0 0 0 0 0 0 0 0 1 1 1 1 0 0 0 0 0 0 1 1 0 0 0 0 4 1 3 1 0 0 0 0 0 0 6 1 3 1 4 1 | -0.06557870563124997
0 0 0 0 2 2 5 2 6 2 2 2 4 2 0 0 1 2 0 0 1 2 1 2 1 2 0 0 1 2 0 0 1 2 0 0 0 0 0 0 4 2 0 0 0 0 0 0 0 0 0 0 0 0 0 0 0 0 1 2 0 0 1 2 0 0 0 0 1 1 1 1 3 2 1 1 0 0 1 1 0 0 0 0 0 0 0 0 0 0 0 0 0 0 0 0 1 1 1 1 0 0 0 0 0 0 1 1 6 1 0 0 4 1 3 1 0 0 0 0 0 0 0 0 3 1 4 1 | -0.06581016570624995
0 0 0 0 2 2 5 2 6 2 2 2 4 2 0 0 1 2 0 0 1 2 0 0 1 2 0 0 1 2 0 0 1 2 0 0 0 0 1 2 4 2 0 0 0 0 0 0 0 0 0 0 0 0 0 0 0 0 1 2 0 0 1 2 0 0 0 0 1 1 1 1 3 2 1 1 0 0 1 1 0 0 0 0 0 0 0 0 0 0 0 0 0 0 0 0 1 1 1 1 0 0 0 0 0 0 1 1 6 1 4 1 4 1 3 1 0 0 0 0 0 0 0 0 3 1 0 0 | -0.06553078914374998
0 0 0 0 2 2 0 0 6 2 2 2 4 2 0 0 1 2 0 0 1 2 5 2 1 2 0 0 1 2 0 0 1 2 0 0 0 0 1 2 4 2 0 0 0 0 0 0 0 0 0 0 0 0 0 0 0 0 1 2 0 0 1 2 0 0 0 0 1 1 1 1 3 2 1 1 0 0 1 1 0 0 0 0 0 0 0 0 0 0 6 1 0 0 0 0 1 1 1 1 0 0 0 0 0 0 1 1 0 0 4 1 4 1 3 1 0 0 0 0 0 0 0 0 3 1 0 0 | -0.06643483914374998
0 0 0 0 2 2 0 0 6 2 2 2 4 2 0 0 1 2 0 0 0 0 5 2 1 2 0 0 1 2 0 0 1 2 0 0 1 2 1 2 4 2 0 0 0 0 0 0 0 0 0 0 0 0 0 0 0 0 1 2 0 0 1 2 0 0 0 0 1 1 1 1 3 2 1 1 0 0 1 1 0 0 1 1 0 0 0 0 0 0 6 1 0 0 0 0 1 1 0 0 0 0 0 0 0 0 1 1 0 0 4 1 4 1 3 1 0 0 0 0 0 0 0 0 3 1 0 0 | -0.06643722789374996
0 0 0 0 2 2 0 0 6 2 2 2 4 2 0 0 1 2 0 0 0 0 5 2 1 2 0 0 1 2 0 0 0 0 0 0 1 2 1 2 4 2 0 0 0 0 0 0 1 2 0 0 0 0 0 0 0 0 1 2 0 0 1 2 0 0 0 0 1 1 1 1 3 2 1 1 0 0 1 1 0 0 1 1 0 0 0 0 0 0 6 1 0 0 0 0 1 1 0 0 0 0 0 0 0 0 1 1 4 1 0 0 4 1 3 1 0 0 0 0 0 0 0 0 3 1 0 0 | -0.06240945481312496
0 0 0 0 2 2 0 0 6 2 2 2 4 2 0 0 1 2 0 0 0 0 5 2 1 2 0 0 1 2 0 0 0 0 0 0 1 2 1 2 4 2 0 0 0 0 0 0 1 2 0 0 3 2 0 0 0 0 1 2 0 0 1 2 0 0 0 0 1 1 1 1 0 0 1 1 0 0 1 1 0 0 1 1 0 0 0 0 0 0 0 0 0 0 0 0 1 1 0 0 0 0 0 0 6 1 1 1 4 1 0 0 4 1 3 1 0 0 0 0 0 0 0 0 3 1 0 0 | -0.06664408078124996
0 0 0 0 2 2 0 0 6 2 2 2 4 2 0 0 1 2 3 2 0 0 5 2 1 2 0 0 1 2 0 0 0 0 0 0 1 2 1 2 4 2 0 0 0 0 0 0 1 2 0 0 0 0 0 0 0 0 1 2 0 0 1 2 0 0 0 0 1 1 1 1 0 0 1 1 0 0 1 1 0 0 1 1 0 0 0 0 0 0 0 0 0 0 0 0 1 1 0 0 0 0 6 1 0 0 1 1 4 1 0 0 4 1 3 1 0 0 0 0 0 0 0 0 3 1 0 0 | -0.06122636881312497
0 0 0 0 2 2 0 0 6 2 2 2 4 2 0 0 1 2 3 2 0 0 5 2 1 2 0 0 1 2 0 0 0 0 0 0 1 2 1 2 0 0 0 0 0 0 0 0 1 2 0 0 0 0 0 0 0 0 1 2 0 0 1 2 0 0 0 0 1 1 1 1 4 2 1 1 0 0 1 1 0 0 1 1 0 0 0 0 0 0 0 0 0 0 0 0 1 1 0 0 0 0 0 0 0 0 1 1 4 1 0 0 4 1 3 1 0 0 6 1 0 0 0 0 3 1 0 0 | -0.06172913131312499
0 0 0 0 2 2 0 0 6 2 2 2 4 2 0 0 1 2 3 2 0 0 5 2 1 2 0 0 1 2 0 0 0 0 0 0 1 2 1 2 0 0 0 0 0 0 0 0 1 2 0 0 0 0 0 0 0 0 1 2 0 0 1 2 0 0 0 0 1 1 4 2 0 0 1 1 0 0 1 1 1 1 1 1 0 0 0 0 0 0 0 0 0 0 0 0 0 0 0 0 0 0 0 0 0 0 1 1 4 1 0 0 4 1 3 1 0 0 6 1 0 0 0 0 3 1 0 0 | -0.07038575367187494
0 0 0 0 2 2 0 0 6 2 2 2 4 2 0 0 1 2 3 2 0 0 5 2 1 2 0 0 1 2 0 0 0 0 0 0 1 2 1 2 0 0 0 0 0 0 0 0 1 2 0 0 0 0 0 0 0 0 1 2 0 0 1 2 0 0 0 0 1 1 0 0 0 0 4 2 0 0 1 1 1 1 1 1 0 0 0 0 0 0 0 0 0 0 0 0 0 0 0 0 6 1 0 0 0 0 1 1 4 1 0 0 4 1 3 1 0 0 0 0 0 0 0 0 3 1 0 0 | -0.07123236450812497
0 0 0 0 2 2 0 0 6 2 2 2 4 2 0 0 1 2 3 2 0 0 5 2 1 2 0 0 1 2 0 0 0 0 0 0 1 2 1 2 0 0 0 0 0 0 0 0 1 2 0 0 0 0 0 0 0 0 1 2 0 0 1 2 0 0 0 0 1 1 0 0 0 0 0 0 0 0 1 1 1 1 1 1 0 0 0 0 0 0 4 2 0 0 0 0 0 0 0 0 6 1 0 0 0 0 1 1 4 1 0 0 4 1 3 1 0 0 0 0 0 0 0 0 0 0 0 0 | -0.08501255702874996
0 0 0 0 2 2 0 0 6 2 2 2 4 2 0 0 1 2 3 2 0 0 5 2 1 2 0 0 1 2 0 0 0 0 0 0 1 2 1 2 0 0 0 0 4 1 0 0 1 2 0 0 0 0 0 0 0 0 1 2 0 0 1 2 0 0 0 0 1 1 0 0 0 0 0 0 0 0 1 1 1 1 1 1 0 0 0 0 0 0 0 0 0 0 0 0 0 0 0 0 6 1 0 0 0 0 4 2 0 0 0 0 4 1 3 1 0 0 0 0 0 0 0 0 0 0 0 0 | -0.09250687249499995
0 0 0 0 2 2 0 0 6 2 2 2 4 2 0 0 1 2 3 2 0 0 5 2 1 2 0 0 1 2 0 0 0 0 0 0 1 2 1 2 0 0 0 0 4 1 0 0 1 2 0 0 0 0 0 0 0 0 1 2 0 0 1 2 0 0 0 0 1 1 0 0 0 0 0 0 0 0 1 1 1 1 1 1 0 0 0 0 0 0 0 0 0 0 0 0 0 0 0 0 0 0 0 0 0 0 0 0 0 0 0 0 4 1 3 1 6 1 0 0 0 0 4 2 0 0 0 0 | -0.09288549649499997
0 0 0 0 2 2 0 0 6 2 2 2 4 2 0 0 1 2 3 2 0 0 5 2 1 2 0 0 1 2 0 0 0 0 0 0 1 2 1 2 0 0 0 0 4 1 0 0 1 2 0 0 0 0 0 0 0 0 1 2 0 0 1 2 0 0 0 0 1 1 0 0 0 0 4 2 0 0 1 1 1 1 1 1 0 0 0 0 0 0 0 0 0 0 0 0 0 0 0 0 6 1 0 0 0 0 0 0 0 0 0 0 4 1 3 1 0 0 0 0 0 0 0 0 0 0 0 0 | -0.08853180231656246
0 0 0 0 2 2 0 0 6 2 2 2 4 2 0 0 1 2 3 2 0 0 5 2 1 2 0 0 1 2 0 0 0 0 0 0 1 2 1 2 0 0 0 0 4 1 0 0 1 2 0 0 0 0 0 0 0 0 1 2 0 0 1 2 0 0 0 0 1 1 0 0 0 0 0 0 0 0 1 1 1 1 1 1 0 0 0 0 0 0 0 0 0 0 0 0 4 1 0 0 6 1 0 0 0 0 4 2 0 0 0 0 0 0 3 1 0 0 0 0 0 0 0 0 0 0 0 0 | -0.09203112749499995
0 0 0 0 2 2 0 0 6 2 2 2 4 2 0 0 1 2 3 2 0 0 5 2 1 2 0 0 1 2 0 0 0 0 0 0 1 2 1 2 0 0 0 0 4 1 0 0 1 2 0 0 0 0 0 0 0 0 1 2 0 0 1 2 0 0 0 0 1 1 0 0 0 0 0 0 0 0 1 1 1 1 1 1 0 0 0 0 0 0 0 0 0 0 0 0 4 2 0 0 0 0 0 0 0 0 0 0 0 0 0 0 0 0 3 1 0 0 6 1 0 0 0 0 0 0 0 0 | -0.11010059168999994
0 0 0 0 2 2 0 0 6 2 2 2 4 2 0 0 1 2 3 2 0 0 5 2 1 2 0 0 1 2 0 0 0 0 0 0 1 2 1 2 0 0 0 0 4 1 0 0 1 2 0 0 0 0 0 0 0 0 1 2 0 0 1 2 1 1 0 0 1 1 0 0 0 0 0 0 0 0 1 1 0 0 1 1 0 0 0 0 0 0 0 0 0 0 0 0 0 0 0 0 0 0 0 0 0 0 4 2 0 0 0 0 0 0 3 1 0 0 6 1 0 0 0 0 0 0 0 0 | -0.11096008590999994
0 0 0 0 2 2 0 0 6 2 2 2 4 2 0 0 1 2 3 2 0 0 5 2 1 2 0 0 1 2 0 0 0 0 0 0 1 2 1 2 0 0 0 0 4 1 0 0 1 2 0 0 0 0 0 0 0 0 1 2 0 0 1 2 1 1 0 0 1 1 0 0 0 0 0 0 0 0 1 1 0 0 1 1 0 0 0 0 0 0 0 0 0 0 0 0 0 0 0 0 0 0 0 0 0 0 0 0 0 0 0 0 0 0 3 1 6 1 0 0 0 0 4 2 0 0 0 0 | -0.11631011045187493
0 0 0 0 2 2 0 0 6 2 2 2 4 2 0 0 1 2 3 2 0 0 5 2 1 2 0 0 1 2 0 0 0 0 0 0 1 2 1 2 0 0 0 0 4 1 0 0 1 2 0 0 0 0 0 0 0 0 1 2 0 0 1 2 1 1 0 0 1 1 0 0 0 0 4 2 0 0 1 1 0 0 1 1 0 0 0 0 0 0 0 0 0 0 0 0 0 0 0 0 6 1 0 0 0 0 0 0 0 0 0 0 0 0 3 1 0 0 0 0 0 0 0 0 0 0 0 0 | -0.11195704590999997
0 0 0 0 2 2 0 0 6 2 2 2 4 2 0 0 1 2 3 2 0 0 5 2 1 2 0 0 1 2 0 0 0 0 0 0 1 2 1 2 0 0 0 0 4 1 0 0 1 2 0 0 0 0 0 0 0 0 1 2 0 0 1 2 1 1 0 0 1 1 0 0 0 0 0 0 0 0 1 1 3 1 1 1 0 0 0 0 0 0 0 0 0 0 0 0 0 0 0 0 6 1 0 0 0 0 4 2 0 0 0 0 0 0 0 0 0 0 0 0 0 0 0 0 0 0 0 0 | -0.11652119345187494
0 0 0 0 2 2 0 0 6 2 2 2 4 2 0 0 1 2 3 2 0 0 5 2 1 2 0 0 1 2 0 0 0 0 0 0 1 2 1 2 0 0 0 0 4 1 0 0 1 2 0 0 0 0 0 0 0 0 1 2 0 0 1 2 1 1 0 0 1 1 0 0 0 0 0 0 0 0 1 1 3 1 1 1 0 0 0 0 0 0 0 0 0 0 0 0 0 0 0 0 0 0 0 0 0 0 0 0 0 0 0 0 0 0 0 0 0 0 6 1 0 0 4 2 0 0 0 0 | -0.11602321595187495
0 0 0 0 2 2 0 0 6 2 2 2 4 2 0 0 1 2 3 2 0 0 5 2 1 2 0 0 1 2 0 0 0 0 0 0 1 2 1 2 0 0 0 0 4 1 0 0 1 2 0 0 0 0 0 0 0 0 1 2 0 0 1 2 1 1 0 0 1 1 0 0 0 0 4 2 0 0 1 1 3 1 1 1 0 0 0 0 0 0 0 0 0 0 0 0 0 0 0 0 0 0 0 0 6 1 0 0 0 0 0 0 0 0 0 0 0 0 0 0 0 0 0 0 0 0 0 0 | -0.11166986190999996
0 0 0 0 2 2 0 0 6 2 2 2 4 2 0 0 1 2 3 2 0 0 0 0 1 2 0 0 1 2 0 0 0 0 0 0 1 2 1 2 5 2 0 0 0 0 0 0 1 2 0 0 0 0 0 0 0 0 1 2 0 0 1 2 1 1 0 0 1 1 0 0 0 0 4 2 0 0 1 1 3 1 1 1 0 0 0 0 0 0 0 0 0 0 0 0 0 0 0 0 0 0 0 0 6 1 0 0 0 0 0 0 0 0 0 0 0 0 0 0 0 0 0 0 0 0 0 0 | -0.14367801299249994
0 0 0 0 2 2 0 0 6 2 2 2 4 2 0 0 1 2 3 2 0 0 0 0 1 2 0 0 1 2 0 0 0 0 0 0 1 2 1 2 5 2 0 0 0 0 0 0 1 2 0 0 0 0 0 0 0 0 1 2 0 0 1 2 1 1 0 0 1 1 0 0 0 0 0 0 0 0 4 2 3 1 1 1 0 0 6 1 0 0 0 0 0 0 0 0 0 0 0 0 0 0 0 0 0 0 0 0 0 0 0 0 0 0 0 0 0 0 0 0 0 0 0 0 0 0 0 0 | -0.14702497941781245
0 0 0 0 2 2 0 0 6 2 2 2 4 2 0 0 1 2 3 2 0 0 0 0 1 2 0 0 1 2 0 0 0 0 0 0 1 2 1 2 5 2 0 0 0 0 0 0 1 2 0 0 0 0 0 0 0 0 1 2 0 0 1 2 1 1 0 0 1 1 0 0 4 2 0 0 0 0 0 0 3 1 1 1 6 1 0 0 0 0 0 0 0 0 0 0 0 0 0 0 0 0 0 0 0 0 0 0 0 0 0 0 0 0 0 0 0 0 0 0 0 0 0 0 0 0 0 0 | -0.14855786691781245
0 0 0 0 2 2 0 0 6 2 2 2 4 2 0 0 1 2 3 2 0 0 0 0 1 2 0 0 1 2 0 0 0 0 0 0 1 2 1 2 0 0 0 0 0 0 0 0 1 2 0 0 0 0 0 0 5 2 1 2 0 0 1 2 1 1 0 0 1 1 0 0 4 2 0 0 0 0 0 0 3 1 1 1 0 0 0 0 0 0 0 0 0 0 0 0 0 0 6 1 0 0 0 0 0 0 0 0 0 0 0 0 0 0 0 0 0 0 0 0 0 0 0 0 0 0 0 0 | -0.15007280841781243
0 0 0 0 0 0 0 0 6 2 2 2 4 2 0 0 1 2 3 2 0 0 0 0 1 2 0 0 1 2 0 0 0 0 0 0 1 2 1 2 2 2 0 0 0 0 0 0 1 2 0 0 0 0 0 0 5 2 1 2 0 0 1 2 1 1 0 0 1 1 0 0 4 2 0 0 0 0 0 0 3 1 1 1 0 0 0 0 0 0 0 0 0 0 0 0 0 0 0 0 0 0 0 0 0 0 0 0 0 0 0 0 0 0 6 1 0 0 0 0 0 0 0 0 0 0 0 0 | -0.15037938591781247
0 0 0 0 0 0 0 0 6 2 2 2 4 2 0 0 1 2 0 0 0 0 0 0 1 2 0 0 1 2 0 0 0 0 0 0 1 2 1 2 2 2 0 0 0 0 0 0 1 2 0 0 3 2 0 0 5 2 1 2 0 0 1 2 1 1 0 0 1 1 0 0 4 2 0 0 0 0 0 0 0 0 1 1 0 0 0 0 0 0 0 0 0 0 0 0 0 0 0 0 3 1 0 0 0 0 0 0 0 0 0 0 0 0 6 1 0 0 0 0 0 0 0 0 0 0 0 0 | -0.15066203541781242
0 0 0 0 0 0 0 0 6 2 2 2 4 2 0 0 1 2 0 0 0 0 0 0 1 2 0 0 0 0 0 0 0 0 0 0 1 2 1 2 2 2 0 0 0 0 0 0 1 2 0 0 3 2 0 0 5 2 1 2 1 2 1 2 1 1 0 0 1 1 0 0 4 2 0 0 0 0 0 0 0 0 1 1 0 0 0 0 0 0 0 0 0 0 0 0 6 1 0 0 3 1 0 0 0 0 0 0 0 0 0 0 0 0 0 0 0 0 0 0 0 0 0 0 0 0 0 0 | -0.15090239093156246
0 0 0 0 0 0 0 0 6 2 2 2 4 2 0 0 1 2 0 0 0 0 0 0 1 2 0 0 0 0 0 0 0 0 0 0 1 2 1 2 2 2 0 0 0 0 0 0 1 2 0 0 0 0 0 0 5 2 1 2 1 2 1 2 1 1 0 0 1 1 0 0 4 2 0 0 0 0 0 0 0 0 3 2 0 0 0 0 0 0 0 0 0 0 0 0 0 0 0 0 3 1 0 0 0 0 0 0 0 0 0 0 0 0 6 1 0 0 0 0 0 0 0 0 0 0 0 0 | -0.15525583668374993
0 0 0 0 0 0 0 0 6 2 2 2 4 2 0 0 1 2 0 0 0 0 0 0 1 2 0 0 0 0 0 0 0 0 0 0 1 2 1 2 0 0 0 0 0 0 0 0 1 2 0 0 0 0 0 0 5 2 1 2 1 2 1 2 1 1 0 0 2 2 0 0 4 2 0 0 0 0 0 0 0 0 3 2 0 0 0 0 0 0 0 0 0 0 0 0 6 1 0 0 3 1 0 0 0 0 0 0 0 0 0 0 0 0 0 0 0 0 0 0 0 0 0 0 0 0 0 0 | -0.1604411048559374
0 0 0 0 0 0 0 0 6 2 2 2 4 2 0 0 1 2 0 0 0 0 0 0 1 2 0 0 0 0 0 0 0 0 0 0 1 2 1 2 0 0 0 0 0 0 0 0 1 2 0 0 0 0 0 0 5 2 1 2 1 2 1 2 1 1 0 0 2 2 0 0 4 2 0 0 0 0 0 0 0 0 0 0 0 0 0 0 0 0 0 0 0 0 0 0 0 0 0 0 3 1 3 2 0 0 0 0 0 0 0 0 0 0 6 1 0 0 0 0 0 0 0 0 0 0 0 0 | -0.16164589885593741
0 0 0 0 0 0 0 0 6 2 2 2 4 2 0 0 1 2 0 0 0 0 0 0 1 2 0 0 0 0 0 0 0 0 0 0 1 2 1 2 0 0 0 0 0 0 0 0 1 2 0 0 0 0 0 0 5 2 1 2 1 2 1 2 1 1 0 0 2 2 0 0 4 2 0 0 0 0 0 0 0 0 0 0 0 0 0 0 0 0 3 2 0 0 0 0 0 0 0 0 3 1 0 0 0 0 0 0 0 0 0 0 0 0 0 0 6 1 0 0 0 0 0 0 0 0 0 0 | -0.16074230335593742
0 0 0 0 0 0 0 0 6 2 2 2 4 2 0 0 1 2 0 0 0 0 0 0 1 2 0 0 0 0 0 0 0 0 0 0 1 2 1 2 0 0 0 0 0 0 0 0 1 2 0 0 0 0 0 0 5 2 1 2 1 2 1 2 1 1 0 0 2 2 0 0 4 2 0 0 0 0 0 0 0 0 0 0 0 0 0 0 0 0 0 0 0 0 0 0 0 0 0 0 0 0 0 0 0 0 0 0 0 0 0 0 0 0 0 0 6 1 0 0 3 2 0 0 0 0 0 0 | -0.17670177972562492
0 0 0 0 0 0 0 0 6 2 2 2 0 0 0 0 1 2 0 0 0 0 0 0 1 2 0 0 0 0 0 0 0 0 0 0 1 2 1 2 0 0 0 0 4 2 0 0 1 2 0 0 0 0 0 0 5 2 1 2 1 2 1 2 1 1 0 0 2 2 0 0 4 2 0 0 0 0 0 0 0 0 0 0 0 0 0 0 0 0 0 0 0 0 0 0 0 0 0 0 0 0 0 0 0 0 0 0 0 0 0 0 0 0 0 0 0 0 6 1 3 2 0 0 0 0 0 0 | -0.17768874972562493
0 0 0 0 0 0 0 0 6 2 2 2 0 0 0 0 1 2 0 0 0 0 0 0 1 2 0 0 0 0 0 0 0 0 0 0 1 2 1 2 4 2 0 0 0 0 0 0 1 2 0 0 0 0 0 0 5 2 1 2 1 2 1 2 1 1 0 0 2 2 0 0 4 2 0 0 0 0 0 0 0 0 0 0 0 0 0 0 0 0 0 0 0 0 0 0 0 0 0 0 0 0 0 0 0 0 0 0 0 0 0 0 0 0 0 0 6 1 0 0 3 2 0 0 0 0 0 0 | -0.17869575972562493
0 0 0 0 0 0 0 0 6 2 2 2 0 0 0 0 1 2 0 0 0 0 0 0 1 2 0 0 0 0 0 0 0 0 0 0 1 2 1 2 4 2 0 0 0 0 0 0 1 2 0 0 0 0 0 0 5 2 1 2 1 2 1 2 1 1 0 0 2 2 0 0 4 2 0 0 0 0 0 0 0 0 0 0 0 0 3 2 0 0 0 0 0 0 0 0 0 0 0 0 0 0 0 0 0 0 0 0 0 0 0 0 0 0 6 1 0 0 0 0 0 0 0 0 0 0 0 0 | -0.17931198972562495
0 0 0 0 0 0 0 0 6 2 2 2 0 0 0 0 1 2 0 0 0 0 0 0 1 2 0 0 0 0 0 0 0 0 0 0 1 2 0 0 4 2 0 0 0 0 0 0 1 2 0 0 0 0 1 2 5 2 1 2 1 2 1 2 1 1 0 0 2 2 0 0 4 2 0 0 0 0 0 0 0 0 0 0 0 0 3 2 0 0 0 0 0 0 0 0 0 0 0 0 6 1 0 0 0 0 0 0 0 0 0 0 0 0 0 0 0 0 0 0 0 0 0 0 0 0 0 0 | -0.17943818849437496
0 0 0 0 0 0 0 0 6 2 2 2 0 0 0 0 1 2 0 0 0 0 0 0 1 2 0 0 0 0 0 0 0 0 0 0 0 0 0 0 4 2 0 0 0 0 0 0 1 2 0 0 1 2 1 2 5 2 1 2 1 2 1 2 1 1 0 0 2 2 0 0 4 2 0 0 0 0 0 0 0 0 0 0 0 0 3 2 0 0 0 0 0 0 0 0 0 0 0 0 0 0 0 0 0 0 0 0 0 0 0 0 0 0 0 0 0 0 6 1 0 0 0 0 0 0 0 0 | -0.17956192484812494
0 0 0 0 0 0 0 0 6 2 2 2 0 0 0 0 0 0 0 0 0 0 0 0 1 2 0 0 0 0 0 0 1 2 0 0 0 0 0 0 4 2 0 0 0 0 0 0 1 2 0 0 1 2 1 2 5 2 1 2 1 2 1 2 1 1 0 0 2 2 0 0 4 2 0 0 0 0 0 0 0 0 0 0 0 0 3 2 0 0 0 0 0 0 0 0 0 0 0 0 6 1 0 0 0 0 0 0 0 0 0 0 0 0 0 0 0 0 0 0 0 0 0 0 0 0 0 0 | -0.17967976944187494
0 0 0 0 0 0 0 0 6 2 2 2 0 0 0 0 0 0 0 0 0 0 0 0 1 2 0 0 0 0 0 0 1 2 0 0 0 0 0 0 4 2 0 0 0 0 0 0 1 2 0 0 1 2 0 0 5 2 1 2 1 2 1 2 1 1 0 0 2 2 1 2 4 2 0 0 0 0 0 0 0 0 0 0 0 0 3 2 0 0 0 0 0 0 0 0 0 0 0 0 0 0 0 0 0 0 0 0 0 0 0 0 0 0 0 0 0 0 6 1 0 0 0 0 0 0 0 0 | -0.17970608759812495
0 0 0 0 0 0 0 0 6 2 2 2 0 0 0 0 0 0 0 0 0 0 0 0 1 2 0 0 0 0 0 0 1 2 0 0 0 0 0 0 4 2 0 0 0 0 0 0 1 2 0 0 1 2 0 0 5 2 0 0 1 2 1 2 1 1 0 0 2 2 1 2 4 2 1 2 0 0 0 0 0 0 0 0 0 0 3 2 0 0 0 0 0 0 0 0 0 0 0 0 6 1 0 0 0 0 0 0 0 0 0 0 0 0 0 0 0 0 0 0 0 0 0 0 0 0 0 0 | -0.179731892229375
0 0 0 0 0 0 0 0 6 2 2 2 0 0 0 0 0 0 0 0 0 0 0 0 1 2 0 0 0 0 0 0 1 2 0 0 0 0 0 0 4 2 0 0 0 0 0 0 1 2 0 0 1 2 2 2 5 2 0 0 1 2 1 2 1 1 0 0 0 0 1 2 4 2 1 2 0 0 0 0 0 0 0 0 0 0 3 2 0 0 0 0 0 0 0 0 0 0 0 0 0 0 0 0 0 0 0 0 0 0 0 0 0 0 0 0 0 0 6 1 0 0 0 0 0 0 0 0 | -0.18004000722937502
0 0 0 0 0 0 0 0 6 2 2 2 0 0 0 0 0 0 0 0 0 0 0 0 1 2 0 0 0 0 0 0 1 2 0 0 0 0 0 0 4 2 0 0 0 0 0 0 1 2 0 0 0 0 2 2 5 2 0 0 1 2 1 2 1 1 0 0 1 2 1 2 4 2 1 2 0 0 0 0 0 0 0 0 0 0 3 2 0 0 0 0 0 0 0 0 0 0 0 0 6 1 0 0 0 0 0 0 0 0 0 0 0 0 0 0 0 0 0 0 0 0 0 0 0 0 0 0 | -0.18006581186062498
0 0 0 0 0 0 0 0 6 2 2 2 0 0 0 0 0 0 0 0 0 0 0 0 1 2 0 0 0 0 0 0 1 2 0 0 0 0 0 0 4 2 0 0 0 0 0 0 1 2 0 0 0 0 2 2 5 2 0 0 0 0 1 2 1 1 0 0 1 2 1 2 4 2 1 2 1 2 0 0 0 0 0 0 0 0 3 2 0 0 0 0 0 0 0 0 0 0 0 0 0 0 0 0 0 0 0 0 0 0 0 0 0 0 6 1 0 0 0 0 0 0 0 0 0 0 0 0 | -0.18009110296687494
0 0 0 0 0 0 0 0 6 2 2 2 0 0 0 0 0 0 0 0 0 0 0 0 1 2 0 0 0 0 0 0 1 2 0 0 0 0 0 0 4 2 0 0 0 0 0 0 1 2 0 0 0 0 2 2 5 2 0 0 0 0 0 0 1 1 0 0 1 2 1 2 4 2 1 2 1 2 1 2 0 0 0 0 0 0 3 2 0 0 0 0 0 0 0 0 0 0 0 0 6 1 0 0 0 0 0 0 0 0 0 0 0 0 0 0 0 0 0 0 0 0 0 0 0 0 0 0 | -0.18011588054812497
0 0 0 0 0 0 0 0 6 2 0 0 0 0 0 0 0 0 0 0 0 0 0 0 1 2 0 0 2 2 0 0 1 2 0 0 0 0 0 0 4 2 0 0 0 0 0 0 1 2 0 0 0 0 2 2 5 2 0 0 0 0 0 0 1 1 0 0 1 2 1 2 4 2 1 2 1 2 1 2 0 0 0 0 0 0 3 2 0 0 0 0 0 0 0 0 0 0 0 0 0 0 0 0 0 0 0 0 0 0 0 0 0 0 0 0 0 0 6 1 0 0 0 0 0 0 0 0 | -0.18012189254812497
0 0 0 0 0 0 0 0 6 2 0 0 0 0 0 0 0 0 0 0 0 0 0 0 1 2 0 0 0 0 0 0 1 2 0 0 0 0 0 0 4 2 2 2 0 0 0 0 1 2 0 0 0 0 2 2 5 2 0 0 0 0 0 0 1 1 0 0 1 2 1 2 4 2 1 2 1 2 1 2 0 0 0 0 0 0 3 2 0 0 0 0 0 0 0 0 0 0 0 0 0 0 6 1 0 0 0 0 0 0 0 0 0 0 0 0 0 0 0 0 0 0 0 0 0 0 0 0 | -0.18072008654812496
0 0 0 0 0 0 0 0 6 2 0 0 0 0 0 0 0 0 0 0 0 0 0 0 1 2 0 0 0 0 0 0 1 2 0 0 0 0 0 0 4 2 2 2 0 0 0 0 1 2 0 0 3 2 2 2 5 2 0 0 0 0 0 0 1 1 0 0 1 2 1 2 4 2 1 2 1 2 1 2 0 0 0 0 0 0 0 0 0 0 0 0 0 0 0 0 0 0 0 0 0 0 0 0 0 0 0 0 0 0 0 0 0 0 0 0 0 0 6 1 0 0 0 0 0 0 0 0 | -0.18072008654812496
0 0 0 0 0 0 0 0 6 2 0 0 0 0 0 0 0 0 0 0 0 0 0 0 1 2 0 0 0 0 0 0 1 2 0 0 0 0 0 0 4 2 2 2 0 0 0 0 1 2 0 0 0 0 2 2 5 2 0 0 0 0 0 0 3 2 0 0 1 2 1 2 4 2 1 2 1 2 1 2 0 0 0 0 0 0 0 0 0 0 0 0 0 0 0 0 0 0 0 0 6 1 0 0 0 0 0 0 0 0 0 0 0 0 0 0 0 0 0 0 0 0 0 0 0 0 0 0 | -0.18513245239874998
0 0 0 0 0 0 0 0 6 2 0 0 0 0 0 0 0 0 0 0 0 0 0 0 1 2 0 0 0 0 0 0 1 2 0 0 0 0 0 0 4 2 2 2 0 0 0 0 1 2 0 0 3 2 2 2 5 2 0 0 0 0 0 0 0 0 0 0 1 2 1 2 4 2 1 2 1 2 1 2 0 0 0 0 0 0 0 0 0 0 0 0 0 0 0 0 0 0 0 0 0 0 0 0 0 0 0 0 0 0 0 0 0 0 0 0 6 1 0 0 0 0 0 0 0 0 0 0 | -0.18574929739874996
0 0 0 0 0 0 0 0 6 2 0 0 0 0 0 0 0 0 0 0 0 0 0 0 1 2 0 0 0 0 0 0 1 2 0 0 0 0 0 0 4 2 2 2 0 0 0 0 0 0 0 0 3 2 2 2 5 2 0 0 0 0 0 0 1 2 0 0 1 2 1 2 4 2 1 2 1 2 1 2 0 0 0 0 0 0 0 0 0 0 0 0 0 0 0 0 0 0 0 0 0 0 0 0 0 0 0 0 0 0 0 0 0 0 6 1 0 0 0 0 0 0 0 0 0 0 0 0 | -0.18577409970812497
0 0 0 0 0 0 0 0 6 2 0 0 0 0 0 0 0 0 0 0 0 0 0 0 1 2 0 0 0 0 0 0 0 0 0 0 0 0 0 0 4 2 2 2 0 0 0 0 1 2 0 0 3 2 2 2 5 2 0 0 0 0 0 0 1 2 0 0 1 2 1 2 4 2 1 2 1 2 1 2 0 0 0 0 0 0 0 0 0 0 0 0 0 0 0 0 0 0 0 0 6 1 0 0 0 0 0 0 0 0 0 0 0 0 0 0 0 0 0 0 0 0 0 0 0 0 0 0 | -0.18589302980624992
0 0 0 0 0 0 0 0 6 2 0 0 0 0 0 0 0 0 0 0 0 0 0 0 1 2 0 0 0 0 0 0 0 0 0 0 0 0 0 0 4 2 2 2 0 0 0 0 1 2 0 0 0 0 2 2 5 2 0 0 0 0 0 0 1 2 0 0 1 2 1 2 4 2 1 2 1 2 1 2 0 0 0 0 0 0 3 2 0 0 0 0 0 0 0 0 0 0 0 0 0 0 0 0 0 0 0 0 0 0 0 0 0 0 6 1 0 0 0 0 0 0 0 0 0 0 0 0 | -0.18589302980624992
0 0 0 0 0 0 0 0 0 0 0 0 0 0 0 0 0 0 0 0 0 0 0 0 1 2 6 2 0 0 0 0 0 0 0 0 0 0 0 0 4 2 2 2 0 0 0 0 1 2 0 0 0 0 2 2 5 2 0 0 0 0 0 0 1 2 0 0 1 2 1 2 4 2 1 2 1 2 1 2 0 0 0 0 0 0 3 2 0 0 0 0 0 0 0 0 6 1 0 0 0 0 0 0 0 0 0 0 0 0 0 0 0 0 0 0 0 0 0 0 0 0 0 0 0 0 0 0 | -0.18589302980624992
0 0 0 0 0 0 0 0 0 0 0 0 0 0 0 0 0 0 0 0 0 0 0 0 1 2 6 2 0 0 0 0 0 0 0 0 0 0 0 0 4 2 2 2 0 0 0 0 1 2 0 0 3 2 2 2 5 2 0 0 0 0 0 0 1 2 0 0 1 2 1 2 4 2 1 2 1 2 1 2 6 1 0 0 0 0 0 0 0 0 0 0 0 0 0 0 0 0 0 0 0 0 0 0 0 0 0 0 0 0 0 0 0 0 0 0 0 0 0 0 0 0 0 0 0 0 0 0 | -0.18589302980624992
0 0 0 0 0 0 0 0 0 0 0 0 0 0 0 0 0 0 0 0 0 0 0 0 1 2 6 2 0 0 0 0 0 0 0 0 0 0 4 2 0 0 2 2 0 0 0 0 1 2 0 0 3 2 2 2 5 2 0 0 0 0 0 0 1 2 0 0 1 2 1 2 4 2 1 2 1 2 1 2 0 0 0 0 0 0 0 0 0 0 0 0 0 0 0 0 6 1 0 0 0 0 0 0 0 0 0 0 0 0 0 0 0 0 0 0 0 0 0 0 0 0 0 0 0 0 0 0 | -0.18589302980624992
0 0 0 0 0 0 0 0 0 0 0 0 0 0 0 0 0 0 0 0 0 0 0 0 0 0 6 2 0 0 0 0 0 0 0 0 0 0 4 2 1 2 2 2 0 0 0 0 1 2 0 0 3 2 2 2 5 2 0 0 0 0 0 0 1 2 0 0 1 2 1 2 4 2 1 2 1 2 1 2 0 0 0 0 0 0 0 0 0 0 0 0 0 0 0 0 0 0 0 0 0 0 0 0 0 0 0 0 0 0 0 0 0 0 6 1 0 0 0 0 0 0 0 0 0 0 0 0 | -0.18601832644687494
0 0 0 0 0 0 0 0 0 0 0 0 0 0 0 0 0 0 0 0 0 0 0 0 0 0 6 2 0 0 0 0 0 0 0 0 0 0 4 2 1 2 2 2 0 0 0 0 1 2 0 0 0 0 2 2 5 2 0 0 0 0 0 0 1 2 0 0 1 2 1 2 4 2 1 2 1 2 1 2 0 0 0 0 0 0 3 2 0 0 0 0 0 0 0 0 0 0 0 0 0 0 0 0 0 0 0 0 0 0 0 0 0 0 0 0 6 1 0 0 0 0 0 0 0 0 0 0 | -0.18601832644687494
0 0 0 0 0 0 0 0 0 0 0 0 0 0 0 0 0 0 0 0 0 0 0 0 0 0 0 0 0 0 0 0 0 0 0 0 0 0 4 2 1 2 2 2 6 2 0 0 1 2 0 0 0 0 2 2 5 2 0 0 0 0 0 0 1 2 0 0 1 2 1 2 4 2 1 2 1 2 1 2 0 0 0 0 0 0 3 2 0 0 0 0 0 0 0 0 0 0 0 0 0 0 0 0 0 0 0 0 0 0 0 0 0 0 0 0 0 0 6 1 0 0 0 0 0 0 0 0 | -0.18601832644687494
0 0 0 0 0 0 0 0 0 0 0 0 0 0 0 0 0 0 0 0 0 0 0 0 0 0 0 0 0 0 0 0 0 0 0 0 0 0 4 2 1 2 2 2 6 2 0 0 1 2 0 0 3 2 2 2 5 2 0 0 0 0 0 0 1 2 0 0 1 2 1 2 4 2 1 2 1 2 1 2 0 0 0 0 0 0 0 0 0 0 0 0 0 0 0 0 0 0 0 0 6 1 0 0 0 0 0 0 0 0 0 0 0 0 0 0 0 0 0 0 0 0 0 0 0 0 0 0 | -0.18601832644687494
0 0 0 0 0 0 0 0 0 0 0 0 0 0 0 0 0 0 0 0 0 0 0 0 0 0 0 0 0 0 0 0 0 0 0 0 0 0 4 2 1 2 2 2 0 0 0 0 1 2 0 0 3 2 2 2 5 2 0 0 0 0 6 2 1 2 0 0 1 2 1 2 4 2 1 2 1 2 1 2 0 0 0 0 0 0 0 0 0 0 0 0 0 0 0 0 0 0 0 0 0 0 0 0 0 0 0 0 0 0 0 0 0 0 0 0 6 1 0 0 0 0 0 0 0 0 0 0 | -0.18601832644687494
0 0 0 0 0 0 0 0 0 0 0 0 0 0 0 0 0 0 0 0 0 0 0 0 0 0 0 0 0 0 0 0 0 0 0 0 0 0 4 2 1 2 2 2 0 0 0 0 1 2 0 0 0 0 2 2 5 2 0 0 0 0 6 2 1 2 0 0 1 2 1 2 4 2 1 2 1 2 1 2 0 0 0 0 0 0 3 2 0 0 0 0 0 0 0 0 0 0 0 0 6 1 0 0 0 0 0 0 0 0 0 0 0 0 0 0 0 0 0 0 0 0 0 0 0 0 0 0 | -0.18601832644687494
0 0 0 0 0 0 0 0 0 0 0 0 0 0 0 0 0 0 0 0 0 0 0 0 0 0 0 0 0 0 0 0 0 0 0 0 0 0 4 2 1 2 2 2 0 0 0 0 1 2 0 0 0 0 2 2 5 2 0 0 6 2 0 0 1 2 0 0 1 2 1 2 4 2 1 2 1 2 1 2 0 0 0 0 0 0 3 2 0 0 0 0 0 0 0 0 0 0 0 0 0 0 0 0 0 0 0 0 0 0 0 0 0 0 6 1 0 0 0 0 0 0 0 0 0 0 0 0 | -0.18601832644687494
0 0 0 0 0 0 0 0 0 0 0 0 0 0 0 0 0 0 0 0 0 0 0 0 0 0 0 0 0 0 0 0 0 0 0 0 0 0 4 2 1 2 2 2 0 0 0 0 1 2 0 0 3 2 2 2 5 2 0 0 6 2 0 0 1 2 0 0 1 2 1 2 4 2 1 2 1 2 1 2 0 0 0 0 0 0 0 0 0 0 0 0 0 0 0 0 0 0 0 0 6 1 0 0 0 0 0 0 0 0 0 0 0 0 0 0 0 0 0 0 0 0 0 0 0 0 0 0 | -0.18601832644687494
0 0 0 0 0 0 0 0 0 0 0 0 0 0 0 0 0 0 0 0 0 0 0 0 0 0 0 0 0 0 0 0 0 0 0 0 0 0 4 2 1 2 2 2 0 0 6 2 1 2 0 0 3 2 2 2 5 2 0 0 0 0 0 0 1 2 0 0 1 2 1 2 4 2 1 2 1 2 1 2 0 0 0 0 0 0 0 0 0 0 0 0 0 0 0 0 0 0 6 1 0 0 0 0 0 0 0 0 0 0 0 0 0 0 0 0 0 0 0 0 0 0 0 0 0 0 0 0 | -0.18601832644687494
0 0 0 0 0 0 0 0 0 0 0 0 0 0 0 0 0 0 0 0 0 0 0 0 0 0 0 0 0 0 0 0 0 0 0 0 0 0 4 2 1 2 2 2 0 0 6 2 1 2 0 0 0 0 2 2 5 2 0 0 0 0 0 0 1 2 0 0 1 2 1 2 4 2 1 2 1 2 1 2 0 0 0 0 0 0 3 2 0 0 0 0 0 0 0 0 0 0 0 0 0 0 0 0 0 0 0 0 0 0 0 0 0 0 0 0 6 1 0 0 0 0 0 0 0 0 0 0 | -0.18601832644687494
0 0 0 0 0 0 0 0 0 0 0 0 0 0 0 0 0 0 0 0 0 0 0 0 0 0 0 0 6 2 0 0 0 0 0 0 0 0 4 2 1 2 2 2 0 0 0 0 1 2 0 0 0 0 2 2 5 2 0 0 0 0 0 0 1 2 0 0 1 2 1 2 4 2 1 2 1 2 1 2 0 0 0 0 0 0 3 2 0 0 0 0 0 0 0 0 0 0 0 0 0 0 0 0 0 0 0 0 0 0 0 0 0 0 6 1 0 0 0 0 0 0 0 0 0 0 0 0 | -0.18601832644687494
0 0 0 0 0 0 0 0 0 0 0 0 0 0 0 0 0 0 0 0 0 0 0 0 0 0 0 0 6 2 0 0 0 0 0 0 0 0 4 2 1 2 2 2 0 0 0 0 1 2 0 0 3 2 2 2 5 2 0 0 0 0 0 0 1 2 0 0 1 2 1 2 4 2 1 2 1 2 1 2 0 0 0 0 0 0 0 0 0 0 0 0 0 0 0 0 0 0 0 0 0 0 0 0 0 0 0 0 0 0 0 0 6 1 0 0 0 0 0 0 0 0 0 0 0 0 0 0 | -0.18601832644687494
0 0 0 0 0 0 0 0 0 0 0 0 0 0 6 2 0 0 0 0 0 0 0 0 0 0 0 0 0 0 0 0 0 0 0 0 0 0 4 2 1 2 2 2 0 0 0 0 1 2 0 0 3 2 2 2 5 2 0 0 0 0 0 0 1 2 0 0 1 2 1 2 4 2 1 2 1 2 1 2 0 0 0 0 0 0 0 0 0 0 0 0 0 0 0 0 6 1 0 0 0 0 0 0 0 0 0 0 0 0 0 0 0 0 0 0 0 0 0 0 0 0 0 0 0 0 0 0 | -0.18601832644687494
0 0 0 0 0 0 0 0 0 0 0 0 0 0 6 2 0 0 0 0 0 0 0 0 0 0 0 0 0 0 0 0 0 0 0 0 0 0 4 2 1 2 2 2 0 0 0 0 1 2 0 0 0 0 2 2 5 2 0 0 0 0 0 0 1 2 0 0 1 2 1 2 4 2 1 2 1 2 1 2 0 0 0 0 0 0 3 2 0 0 0 0 0 0 0 0 0 0 6 1 0 0 0 0 0 0 0 0 0 0 0 0 0 0 0 0 0 0 0 0 0 0 0 0 0 0 0 0 | -0.18601832644687494
0 0 0 0 0 0 0 0 0 0 0 0 6 2 0 0 0 0 0 0 0 0 0 0 0 0 0 0 0 0 0 0 0 0 0 0 0 0 4 2 1 2 2 2 0 0 0 0 1 2 0 0 0 0 2 2 5 2 0 0 0 0 0 0 1 2 0 0 1 2 1 2 4 2 1 2 1 2 1 2 0 0 0 0 0 0 3 2 0 0 0 0 0 0 0 0 0 0 0 0 6 1 0 0 0 0 0 0 0 0 0 0 0 0 0 0 0 0 0 0 0 0 0 0 0 0 0 0 | -0.18601832644687494
0 0 0 0 0 0 0 0 0 0 0 0 6 2 0 0 0 0 0 0 0 0 0 0 0 0 0 0 0 0 0 0 0 0 0 0 0 0 4 2 1 2 2 2 0 0 0 0 1 2 0 0 3 2 2 2 5 2 0 0 0 0 0 0 1 2 0 0 1 2 1 2 4 2 1 2 1 2 1 2 0 0 0 0 0 0 0 0 0 0 0 0 0 0 0 0 0 0 0 0 0 0 0 0 0 0 0 0 0 0 0 0 0 0 6 1 0 0 0 0 0 0 0 0 0 0 0 0 | -0.18601832644687494
0 0 0 0 0 0 0 0 0 0 0 0 0 0 0 0 0 0 0 0 0 0 0 0 0 0 0 0 0 0 6 2 0 0 0 0 0 0 4 2 1 2 2 2 0 0 0 0 1 2 0 0 3 2 2 2 5 2 0 0 0 0 0 0 1 2 0 0 1 2 1 2 4 2 1 2 1 2 1 2 0 0 0 0 0 0 0 0 0 0 0 0 0 0 0 0 6 1 0 0 0 0 0 0 0 0 0 0 0 0 0 0 0 0 0 0 0 0 0 0 0 0 0 0 0 0 0 0 | -0.18601832644687494
0 0 0 0 0 0 0 0 0 0 0 0 0 0 0 0 0 0 0 0 0 0 0 0 0 0 0 0 0 0 6 2 0 0 0 0 0 0 4 2 1 2 2 2 0 0 0 0 1 2 0 0 3 2 2 2 5 2 0 0 0 0 0 0 0 0 0 0 1 2 1 2 4 2 1 2 1 2 1 2 1 2 0 0 0 0 0 0 0 0 0 0 0 0 0 0 0 0 0 0 0 0 0 0 0 0 0 0 0 0 0 0 0 0 6 1 0 0 0 0 0 0 0 0 0 0 0 0 | 0
